Layer,1_token,2_token,3_token,4_token,5_token,6_token,7_token,8_token,9_token,10_token,11_token,12_token,13_token,14_token,15_token,16_token,17_token,18_token,19_token,20_token,21_token,22_token,23_token,24_token,25_token,26_token,27_token,28_token,29_token,30_token,31_token,32_token,33_token,34_token,35_token,36_token,37_token,38_token,39_token,40_token,41_token,42_token,43_token,44_token,45_token,46_token,47_token,48_token,49_token,50_token,51_token,52_token,53_token,54_token,55_token,56_token,57_token,58_token,59_token,60_token,61_token,62_token,63_token,64_token,65_token,66_token,67_token,68_token,69_token,70_token,71_token,72_token,73_token,74_token,75_token,76_token,77_token,78_token,79_token,80_token,81_token
Layer_1,4.2035567823689354e-33,4.042783964266431e-32,1.2543859379013042e-21,2.4290736933646814e-20,9.21133983905997e-21,2.98198828337339e-20,1.19849714836338e-20,2.9882677756235963e-20,2.8282541920535684e-20,6.693021819501863e-21,2.455277090538846e-24,5.778816801447693e-20,8.316608233505017e-20,9.15875655301062e-20,7.405981402853329e-20,4.0474409137993066e-20,6.675912806306467e-20,4.046186501473929e-21,1.4914307082888738e-19,7.324228165322295e-20,1.9874425915109893e-19,3.3907742965387563e-28,2.788872336193858e-19,1.3671892076909412e-19,9.134524177933785e-26,2.2222082034664024e-30,1.7700692336535833e-21,1.0821024952367424e-29,1.276658966343361e-27,4.256425889510835e-21,8.051342638567529e-29,4.016851942351773e-30,3.2839591983309155e-29,2.189382523579529e-31,7.167782537748004e-26,2.470510726592355e-27,2.618170339394486e-32,8.435918759060797e-21,1.0006776389780751e-30,3.6015916490993365e-25,2.3500384018393054e-31,5.0995490893439895e-21,2.5532316584507603e-30,3.829103376396598e-31,1.3259016004518203e-40,1.1704102606275136e-36,7.432987702286373e-35,1.5327822992324147e-40,5.017135667222367e-32,5.192023956437857e-35,4.1618909402131806e-32,9.528379600471861e-38,5.1064633172837976e-30,7.36711699392174e-31,3.0820624159222532e-27,5.198145001680842e-37,2.9441482938628913e-33,7.050563158327101e-41,1.1333151969811873e-38,2.9624096473849177e-32,2.3818441430630904e-33,2.9835585103848445e-39,5.106463316695237e-30,2.1089796898388704e-20,1.9809649283367124e-35,5.896276147420574e-32,4.0967299718764394e-38,1.14906474074635e-42,1.982837327019616e-43,5.191568651445373e-35,2.1882676818896343e-41,7.08039430832131e-37,3.53193454773955e-29,1.013936995213635e-28,5.2995005973068094e-40,1.0111287223480644e-36,1.1210387714598537e-44,5.605193857299268e-45,5.813987328483666e-41,,
Layer_2,3.3371370170640055e-08,8.040659749081896e-10,9.256815489409622e-06,4.1882050896997425e-07,8.042259730101659e-07,2.163843643608806e-06,4.2326172411980243e-07,4.4614267037557827e-07,4.019748483782314e-06,3.1503004246919334e-07,4.860454615208534e-07,4.417480397470478e-07,3.336014368264709e-07,2.65841928242136e-07,4.280844862323968e-07,8.644748119683564e-07,1.8155613924817808e-07,2.6330745908474775e-07,6.648234539876959e-07,8.22284492963219e-07,5.925142867585221e-07,6.368001614183168e-07,4.146221499371208e-08,8.972868059394129e-06,3.340919520939935e-08,1.0331056963329661e-06,1.550023956431022e-07,4.589081196260388e-07,1.9800508663891346e-05,9.634908306453925e-09,2.692523850090649e-08,2.539464949434108e-06,5.884931923967845e-11,2.352236399139185e-08,9.498057560709373e-08,1.368480018089734e-09,1.5236032444946835e-07,8.090218268152466e-07,1.4602011380159922e-08,1.30733419821576e-07,2.66763470790831e-14,4.404541780469578e-08,2.1010883879976157e-09,5.149109023609359e-12,1.914425864778082e-09,7.111028890429189e-07,2.290276284969645e-18,1.1831439844673662e-08,9.871584403059965e-15,4.879373714100632e-09,5.175817926634109e-12,1.9000435127801368e-09,4.7175979285089355e-08,1.632166140092303e-14,4.1717855959512037e-10,1.9045978393727883e-15,1.4190989529318947e-11,8.524718802141142e-10,4.609360121277715e-16,1.112725511394633e-08,5.36299910052938e-14,2.322909420375154e-09,1.2992966294880781e-11,1.7699244394350658e-14,7.095741441455797e-09,1.1082444665025726e-15,5.6814599247445585e-08,2.668767545868501e-14,3.1973022331734704e-15,1.4151191685130016e-07,5.325798505972126e-09,1.217555891542102e-11,6.400738607358604e-13,6.609486395929862e-14,1.6593965124621969e-13,9.913829313085473e-16,2.6554973573900706e-19,1.792689911032812e-16,1.529715764806767e-11,1.821038886159099e-15,1.4421215610571636e-10
Layer_3,6.9854526227670575e-06,1.7195662116918893e-06,0.00011834855478677258,3.978521039391335e-06,4.090263655780205e-06,5.449449024240346e-06,1.5959181810745554e-05,4.601332061004014e-06,5.140565217683337e-05,3.027959280310324e-06,1.2352591122240015e-05,2.8742514575252233e-06,5.02843751249387e-06,3.816459133054519e-06,7.2098179837805295e-06,7.621306791036245e-06,6.286178352516603e-06,2.0211559214589694e-06,7.504908764888822e-06,8.443458304528844e-06,2.1272929743420955e-06,1.4584036818046948e-05,1.0984989219899265e-06,8.249679559765087e-05,3.1543028833903886e-06,1.3010318974965194e-06,9.16042000356968e-06,4.0479539251267454e-06,2.3630130939256852e-05,7.184469388156644e-06,3.959147444251095e-06,3.6713972670290906e-06,1.2208101207174709e-06,5.037036156417694e-06,2.8611227540309355e-06,1.685253424997089e-06,4.6199161977929065e-06,2.264864967402013e-06,1.2285157730018466e-06,1.833264917977695e-05,5.4049854825475036e-08,9.44558305818616e-07,9.23783500228119e-06,3.5307116864075214e-08,1.478315430375499e-06,1.0367735017659642e-05,1.4946882918384928e-10,8.896319088454937e-07,1.1311806483290795e-10,2.1824356509030366e-05,6.333203879194325e-07,8.471497317527461e-07,3.559411140940938e-06,6.736693481386635e-11,2.1152519670391188e-06,3.5051767738325523e-10,3.319278676024797e-06,1.444677820927609e-06,1.3750717411610189e-11,2.622197320079067e-05,2.2029307267246168e-08,1.042332496664371e-05,7.100601095641479e-07,4.685809240623229e-10,2.319014100748973e-06,2.2855054611012338e-10,5.074342425493626e-06,8.039764079958642e-07,1.2283760147888812e-11,3.362139977980405e-05,1.833941546713902e-05,1.027673833189952e-07,1.0527471829835378e-06,1.3496682894562073e-10,1.4542416382767875e-06,1.3696204537369313e-10,1.1180946002053964e-12,1.6300968343855008e-09,1.556046792598408e-06,2.0798749007788775e-12,1.8381734889771906e-07
Layer_4,1.7505480503584234e-05,5.874406558016982e-06,8.424728038163387e-05,5.06296594148289e-06,6.430910000739342e-06,6.323429798308854e-06,1.7205302057776055e-05,9.426234474880547e-06,3.9902834452928486e-05,5.389742513030309e-06,1.1162114341937818e-05,5.299800535675188e-06,8.16772950019871e-06,5.3722927376782265e-06,1.1407542862890968e-05,6.689297414597721e-06,5.952619453182022e-06,3.1470151889148825e-06,1.102997955293674e-05,1.0719998270965633e-05,1.0795598387442306e-05,8.36196280475898e-06,4.550981258120823e-06,1.9339366265613713e-05,5.192332691751522e-06,5.368721579095779e-06,8.236829020495102e-06,7.783717940268904e-06,1.6962486547076755e-05,4.253679791385524e-06,1.2507884689210764e-05,1.9710355060638513e-05,4.800133258792723e-06,1.1673515299386733e-05,9.347891863967087e-06,1.8334775429639732e-06,5.626415321733208e-06,2.238554782672148e-05,3.1472780089528835e-06,1.0678690171558869e-05,4.870474903853108e-06,3.0204253928328673e-06,3.1997060357077977e-06,2.585042105077498e-07,1.0803751906746106e-05,1.7026524762986384e-05,2.6109660787587696e-08,1.2564770467040022e-05,9.164012329879179e-08,1.0618186686624925e-05,3.416424370536117e-06,3.0217520236820256e-07,4.540383410282327e-06,7.91583506747536e-07,1.1906461260776288e-05,2.839315005331855e-08,7.302964260033629e-06,2.108107651110913e-05,3.9361562204076606e-09,3.626493889896665e-05,9.526545795779384e-06,4.720780177019934e-06,1.2000448981197565e-06,7.376837256600766e-07,1.8532029343987233e-05,2.6050835710833553e-08,1.1602378650761233e-05,2.5023796581535862e-05,3.7886429604672145e-08,2.5310149794677272e-05,2.966341844512499e-05,1.4353676753842137e-06,2.0358152497124138e-06,3.637623258612166e-06,1.0045903426458835e-05,2.1274552470715823e-08,5.875067741328843e-09,2.8175607865582597e-07,1.6522271003502342e-06,1.6752510489936867e-08,1.4619476473853865e-07
Layer_5,1.619630899870326e-05,1.0507627893639737e-05,9.895639521663194e-05,2.0790834381924924e-05,1.2282981892916761e-05,1.1170503066041676e-05,2.3456468491697327e-05,6.66108175913399e-06,3.374945270091482e-05,1.6806058447336057e-05,1.5127950741782417e-05,6.420525915802997e-06,1.6629405130599393e-05,0.00018847891089221193,9.976639445941287e-06,1.12904793090325e-05,7.850075794166193e-06,7.504546719912494e-06,1.095034555029976e-05,3.614887512289254e-05,1.4812069672834184e-05,1.5016273474959836e-05,4.361569853149884e-06,2.071894278174058e-05,4.824636405022058e-06,1.1108360822611855e-05,4.615074048468226e-06,2.9330284993515456e-05,6.525729178067745e-06,5.193366069314309e-06,1.2748628635832079e-05,1.1076012591749628e-05,8.93226102421929e-06,7.650102521949975e-06,8.134711093962798e-06,5.783639680758925e-06,4.71511645490826e-06,3.498471000181521e-05,1.9031487564769023e-05,5.790363982072222e-06,1.1786311938115951e-05,8.980377148269658e-06,6.889366550355547e-07,2.093454329354927e-06,5.0894707522824295e-06,1.2841766693583168e-05,1.836458761950155e-06,0.00015946866732718945,6.840100787997017e-06,6.010988172988618e-06,6.318713182906777e-06,6.385439479117405e-07,4.6598101638058625e-06,3.6379823595685444e-05,6.297791590744358e-06,4.097148860182642e-07,1.0536381230608072e-05,6.960355949559016e-05,4.0393280187345226e-07,2.345135999348713e-05,8.0632557910576e-06,5.533279626490639e-06,1.2006316865154076e-06,3.6154682447886444e-06,7.416905987156497e-06,3.8255841872114615e-07,2.6340302245131397e-05,7.358625134656904e-05,3.6055223205266884e-05,1.1545400411705486e-05,7.256976005010074e-06,6.032820778045789e-06,1.9966824140738026e-06,9.722807561729496e-06,5.902845032323967e-06,6.703001247387874e-07,1.337170385973252e-06,2.236807560507259e-06,1.5301458518024447e-06,1.245131215910078e-06,2.3788443286321126e-06
Layer_6,2.6480787722986185e-05,3.871176743555083e-05,0.00044330010943807746,5.759274156286273e-05,3.195752087374604e-05,3.754533770611164e-05,7.233034113901086e-05,2.2640844472946855e-05,9.068650717920879e-05,0.00011611142371717215,5.7028772598941675e-05,2.7391386309965437e-05,3.854495573696814e-05,0.00037625161072247175,3.601517142463891e-05,9.093404368028344e-05,3.1624548237374485e-05,2.5102850924631844e-05,3.984496590904639e-05,8.11332892273885e-05,2.5497283090203382e-05,5.0384695941279605e-05,3.085602353223939e-05,4.150835054574031e-05,2.686545257510886e-05,3.409769561185987e-05,1.1778938369344516e-05,0.0001422459803765245,1.9500564671511474e-05,1.1808818878004482e-05,1.6135296691159468e-05,1.7268306901417997e-05,9.00390047160471e-06,1.9029865875097585e-05,1.3052965057624987e-05,3.213317972634084e-05,7.1326429681069685e-06,3.84574515617242e-05,5.4212438810097296e-05,2.946177311713427e-05,3.5844309162972164e-05,5.265045480558801e-06,1.7899659368936226e-06,9.079501913333842e-06,4.92397667084532e-06,2.725424246818875e-05,2.234211575569134e-05,0.00010618273608997697,6.535712032018637e-06,2.0392865231144697e-05,5.667523447527856e-05,1.2260412605158422e-06,3.1530945155585264e-06,0.00026677288306113195,1.1905326611364822e-05,5.3401701222810516e-05,1.4919180500783114e-05,0.00010008171477693395,6.590095154024311e-06,4.879080370301381e-05,1.525826564829913e-05,3.3422525689275062e-06,8.357081071608263e-07,6.0896347449101995e-06,1.1663133250294777e-05,4.566903423608437e-05,3.0759192043205985e-05,0.0001029584027492092,3.0858577474646154e-05,4.336045640229713e-05,8.718596973267267e-06,1.4343505782221655e-05,1.8376339312453638e-06,4.455950431747624e-06,5.176754893909674e-05,0.00015603623614879325,3.899742978319409e-06,4.811194628473459e-06,2.844402970936244e-07,1.5024343156255782e-06,2.2911010546522448e-06
Layer_7,3.1417036667297536e-05,3.896192417611744e-05,0.000546427365251404,0.00026127751099870204,0.0001999988905532213,4.2859876983851706e-05,0.00023897848141999977,4.721543403869354e-05,0.00011856919049546352,6.381957775504685e-05,0.00012483999901848262,3.987807272311683e-05,6.829073535891189e-05,0.0004195291241819115,4.605104942707432e-05,4.961195237019862e-05,4.6291210576808995e-05,2.9280371555015255e-05,5.280995040959856e-05,0.00011443222979628282,2.1700659627955385e-05,8.08807933664514e-05,2.6584205827922297e-05,4.644988853613086e-05,1.4231652310314757e-05,0.00013040539029042427,1.6402907268897593e-05,0.0008907713993541696,2.5052614928711138e-05,1.1999510794188003e-05,4.144978310126714e-05,2.408497259797183e-05,1.6350424806432785e-05,0.0001230234829449728,1.868820210617628e-05,4.247749726952558e-05,1.4891036724091262e-05,0.00019807041589281482,5.9680879839874024e-05,5.258670765329043e-05,0.00016549530963467468,9.965434912828641e-06,7.530482665174531e-06,3.9485736976985205e-06,5.196443407129436e-06,4.1662954629373417e-05,2.0746973262930624e-05,9.178435556123077e-05,7.381540399364894e-06,1.5215164410165016e-05,4.962986803036529e-05,1.7507455254417437e-06,2.7293900757285883e-06,0.00036039716554607065,6.066251861132817e-06,7.229555239973706e-05,1.2745526419166708e-05,0.00012203005019273405,2.275876704516122e-05,5.023909761803225e-05,4.576499577524373e-06,1.5125323216125253e-06,3.769485914517645e-07,2.719061541256451e-06,8.519336461176863e-06,0.00010419732613442534,4.103823835066578e-05,0.0001192292693303898,9.69130178418709e-06,2.550370027165627e-05,1.5494719178832383e-06,5.588893003505291e-06,1.3732138626210144e-06,1.3279890822559537e-06,3.0552008468021086e-05,0.0001342806626780657,1.8944313637803134e-06,9.769510825208272e-06,6.388182214323024e-07,1.8839693893824005e-06,2.2402380182029447e-06
Layer_8,6.230411256867327e-05,3.711558543035842e-05,0.0009742514537586332,0.00010695037743425843,0.00026100446012339296,5.8452248311325056e-05,0.00019320356981533294,7.837399995216514e-05,0.00015756193597440222,0.00012907272640374923,0.00047717970630524557,3.94908497729267e-05,7.944039026409842e-05,0.00017817134572291465,6.57360826423499e-05,8.313381462929175e-05,6.218300137474076e-05,0.00012838125370535637,5.679178237103918e-05,7.858847293597986e-05,3.830517104757128e-05,0.00027886103282159433,2.0247990575000025e-05,4.3328726063123215e-05,2.2451061448691688e-05,0.00010980969576186962,2.4198138683040327e-05,0.00034165455268701333,3.821321223753671e-05,1.8803064373666228e-05,4.016800630779471e-05,3.567488562856108e-05,1.4422113994783104e-05,0.00020645222391522112,8.066289396424509e-06,0.00010414031488102814,2.9994921811117416e-05,0.00013033450871802188,6.017269721780849e-05,6.6584208752829e-05,5.199461643964501e-05,1.1751345444584635e-05,5.026354958204138e-06,2.0123831200180574e-05,6.9083977791706275e-06,0.00016085500976714684,1.6931822756305337e-05,0.00020694463046311284,7.395889667805022e-06,2.510334800831515e-05,2.0136601278863964e-05,2.3848405419357732e-06,2.549945349983318e-06,0.0005976259150391646,8.744186989891508e-06,0.0003006666529472568,1.8064577488985378e-05,0.0002415928140635515,4.277323932910804e-05,0.00017288597155129537,3.4585011121635034e-06,5.874985490095241e-06,6.440253201844826e-07,5.595206744146708e-06,8.715324156582938e-06,0.00034436475874599637,1.7319504877377767e-05,0.0002686096413526684,7.717731705270126e-06,0.00015752232286558865,1.8960208763019182e-06,9.115345733334834e-06,8.436842335868278e-06,2.0872677168881637e-06,2.6404195523355156e-05,0.00044661934498435585,1.040272468344483e-05,7.67332426221401e-06,2.6109062218893087e-06,6.104607564338949e-06,1.7054074987754575e-06
Layer_9,2.3013565153401394e-05,3.333257769382314e-05,0.0015304122639828396,0.00013046086280193615,0.00015768648832673038,5.998851977489556e-05,0.00017194952242041565,7.72085342168391e-05,0.0001809928042927599,0.00046865355981991354,0.0005282363478793666,6.621295484209963e-05,9.660483326407692e-05,9.304578614045444e-05,5.260760691709339e-05,0.0001465369085971982,6.833574567639726e-05,6.663863952873973e-05,5.049478724166485e-05,0.0002402194938847894,5.7747983505170196e-05,0.0002122036031074282,0.00035255963616519025,5.597957661620967e-05,2.585809216384405e-05,9.651705749333546e-05,6.512721760465467e-05,0.00017281177057289673,3.951861998909105e-05,3.841272357855511e-05,0.00010002497944325032,8.544763876340188e-05,2.6971079546456166e-05,0.00016970176665722647,6.340470361010375e-06,3.946373951180249e-05,2.716150963048373e-05,7.931633874846966e-05,4.641052369436238e-05,3.9324216226432895e-05,0.00012138991272487536,8.056345166096435e-06,6.077516616187495e-06,1.2511264685599599e-05,1.8714066243319394e-06,5.42767563729285e-05,9.995330515266687e-06,7.283020084969394e-05,5.949854852360659e-06,2.16061129094669e-05,2.621847397676902e-05,2.266589092414506e-06,2.7101098263907868e-05,0.0004045372387698383,2.593631431106284e-06,8.549264805424173e-05,4.071027797181159e-05,0.00012019537473406672,7.215742630251043e-05,4.4629205149249174e-05,1.7892462551571953e-06,1.467176687697247e-06,5.3107758049009135e-06,3.716497133154917e-06,3.7028225960966665e-06,3.3296855704634254e-05,3.3084050301113166e-05,0.00012106695976399351,2.864873385988176e-05,1.768552908743004e-05,2.038003898974239e-06,5.4713693202756986e-06,8.662516705726375e-06,2.951202588974411e-06,1.3238302472018404e-05,7.449095960510022e-05,1.066720813014399e-05,1.6063680732258945e-05,3.310858346594614e-06,2.9025015919614816e-06,1.0433438546897378e-05
Layer_10,8.63251309320756e-06,2.1016111773231038e-05,0.0011946314861556678,0.00020171373079602288,0.00023426523273667454,5.0412551598716794e-05,6.590611892712309e-05,4.674791658248777e-05,0.00018865072118214477,0.00010607856617531026,0.00011002476356771867,4.5717263834845826e-05,8.618777083188558e-05,0.00016228188818523392,5.757603092345934e-05,0.00016530762662340056,6.68215126202435e-05,4.8918479424096195e-05,6.362128754416545e-05,0.00017618030365745035,6.120673035361973e-05,0.00022155333867005772,0.00013910284106393483,3.257388651945803e-05,1.1630087975333936e-05,7.83287944259695e-05,2.1315786485232024e-05,5.9081093130923064e-05,2.2067504950958512e-05,3.2857997770937196e-05,4.815639958492697e-05,2.8456152118782153e-05,2.0334024435442187e-05,4.421618986043541e-05,7.8634682481038e-06,1.8503778660614342e-05,3.223517894134097e-05,0.00014667063220841214,2.0251679501370745e-05,7.84788606322806e-05,0.00010553569089617148,8.16764196542863e-06,1.1395514914624982e-05,7.328245760618301e-06,4.169781988139221e-06,1.8164112361773732e-05,5.92126173160068e-06,1.5764802185458393e-05,1.0839414585461782e-05,3.3957281516450166e-05,2.3497314373344125e-05,2.3821755661401767e-06,4.293265881945748e-05,0.0002440552191274037,1.5807142782856924e-06,8.102877217197602e-06,3.0148413316055667e-05,2.028471431003709e-05,5.179168465474504e-05,8.717963510207483e-06,3.7568021298284293e-06,2.8416880297754687e-06,8.264490247711365e-07,3.108854855327081e-06,3.2148597881587193e-06,4.28979871003321e-06,1.620410739633371e-05,2.2367740712070372e-05,8.174635013347142e-06,3.0227708407437603e-06,4.719995587265657e-06,4.084502506884746e-06,4.234414660686525e-06,2.6607709969539428e-05,8.739552413317142e-06,2.601833989501756e-05,8.677648793309345e-06,2.702683968891506e-05,7.12001860847522e-06,3.005741064043832e-06,3.0505367249133997e-05
Layer_11,1.0712497853199677e-05,5.875267973378673e-05,0.0011546740138876834,0.00020104450981955026,0.0001967190318549472,0.00010998031337972976,9.389196806015877e-05,8.809096104156183e-05,0.0002163631698392963,0.00015589948320639667,0.00012551574440542658,5.7950631848246886e-05,9.304555654220527e-05,0.00033346340077605225,0.0001593030047908022,0.00038413669674092134,0.00011500742851856452,6.477096132832892e-05,0.00010942163428423128,0.00016933406750955067,9.688704664366463e-05,0.0003258667401929239,0.00013497740449557632,3.540278938771735e-05,1.2583783137998238e-05,6.871186106389574e-05,5.456844893991786e-05,3.660005345788401e-05,1.63326911625461e-05,3.0090632127629153e-05,0.00018814888170998694,2.580554132691759e-05,4.8176135948097e-05,3.412742493935639e-05,2.4007242082291214e-05,1.4315753238255033e-05,2.9937411265260987e-05,0.0002180661941224571,5.337554577167225e-05,0.00011207953734526654,0.00014141434317999874,1.6070853215902996e-05,7.4742069045896645e-06,8.456837315407029e-06,7.877098454400766e-06,2.1983965098115732e-05,4.099982319871742e-06,2.6897967757122387e-05,1.4126166179906363e-05,1.2089561892025813e-05,1.522835776768261e-05,5.326311615760915e-06,2.4874151601276633e-05,6.117897563247728e-05,4.4873105859248126e-06,7.144477308429487e-06,6.941757601452991e-05,9.216701116088188e-06,0.00012197103933431208,2.54246115218848e-05,1.9105750652670395e-06,5.837137223352329e-06,7.866974272019434e-07,3.7739770277767093e-06,1.5588174733238702e-06,5.038762409981246e-06,1.324179106632073e-05,5.8956435168511234e-05,1.4416693829844007e-05,7.537050066730444e-06,1.2430891302983582e-06,1.4088491752772825e-05,9.309628921982949e-06,9.824457947615883e-06,3.558336175046861e-06,1.8208709548162005e-05,7.581221382224612e-06,1.4902272027939034e-05,4.999998054699972e-06,2.7251599021838047e-06,6.477648184954887e-06
Layer_12,1.0171039169121107e-05,2.6159639421385884e-05,0.0007437781949924292,0.00013344813978768695,0.00014432247160001133,7.203534494731099e-05,0.00011056382972040957,6.086698698557452e-05,0.00011651286752177543,0.00016995178459421281,0.00014855453043490944,6.32221835824805e-05,8.747002503682523e-05,9.903931766115774e-05,0.00017617674245500056,0.0005910688888563678,0.00011896861394623451,6.075985439844606e-05,9.464287780850921e-05,0.001238342977031726,0.00011197293881118698,0.0001875573530528087,7.932511623730067e-05,5.058967723130081e-05,2.4315375098105107e-05,8.043247059758334e-05,3.690315790549903e-05,4.157182542599003e-05,2.455030967034588e-05,4.681742854018012e-05,0.00039378343579053103,3.329140690766508e-05,5.449768067222749e-05,2.030607203096224e-05,1.763386803332878e-05,5.463244088351379e-05,7.203331471967229e-05,3.8065958960942226e-05,3.2356609260375535e-05,8.267360561831083e-05,7.062595281987731e-05,1.2631880281332997e-05,7.220602378765762e-06,8.377545839266531e-06,5.382939804121634e-06,1.6520646681783546e-05,5.150519484686811e-06,3.0877168910592445e-05,1.6040543211914837e-05,4.138815427268128e-06,1.2359885715795826e-05,8.653271208913793e-06,4.6950983232818544e-05,0.0001354423543489247,1.1093046396126738e-05,7.168763204390416e-06,2.756124195002485e-05,1.5516409916926932e-06,1.758724351930141e-05,2.3835923684600857e-05,2.621387579893053e-06,4.290696267617022e-06,7.747182451112167e-07,8.087305332082906e-06,4.006709559689625e-06,3.3209003902356926e-06,1.706181637928239e-05,1.6053941692462104e-05,1.5251571539920405e-05,2.5146850930468645e-06,5.343849466044048e-06,9.831028933149355e-06,3.498510409372102e-06,3.696746625792002e-05,1.0056372502731392e-05,8.405326411775604e-06,5.0437678851267265e-06,6.795121066716092e-06,6.792167027924734e-06,6.794999080739217e-06,4.150596851104638e-06
Layer_13,1.5184265655983975e-05,3.8329640698897546e-05,0.0015495547001509065,0.00024880872979402273,0.0002033101769490231,8.457896612506652e-05,0.0001438579365834074,7.664772114587556e-05,0.000294304639682461,0.00028925490405296863,0.00037659332189224955,9.903196752479023e-05,0.00015214408430329508,7.904850915481502e-05,0.0002529299193540076,0.00025719393621845396,0.00018878003240974277,0.00021634201666813623,0.00013948227991495885,0.0020620777221654948,0.00014691688563044198,0.00019801954263056683,5.87052186023586e-05,7.110916790452393e-05,6.320048800390055e-05,4.5438449470058165e-05,0.0003139694842957397,9.39653643854399e-05,9.197264422896959e-05,5.0991712451301886e-05,0.002720904435860079,6.824658734413705e-05,0.00039050214340932146,6.284685411515057e-05,7.811442543896874e-05,1.810241657393716e-05,0.00032370522514687156,3.0043836801496582e-05,3.625662468209612e-05,0.00017310678660464873,0.0004685894821696885,7.904235189926112e-06,7.83105591608546e-06,1.512592998551554e-05,2.997959063577582e-05,3.382376533522802e-05,1.2273135098439525e-05,1.299092878070951e-05,3.8044990585461846e-05,4.759975382739867e-06,2.1459807896917482e-05,6.797757748699951e-06,8.647494316467903e-05,0.00017768405784105804,2.289577976929043e-05,2.0081546836081543e-05,1.0806697446241742e-05,1.7380368149133574e-06,0.0001330337465788034,1.0856139368797812e-05,5.128434509060753e-06,1.4630402347393101e-06,1.5609445540576417e-06,6.093203950285897e-06,7.159160873015935e-06,8.703390406594735e-06,1.254805692951777e-05,3.9595106613887765e-05,3.921926008843002e-06,8.562149389490514e-07,2.5978559961004066e-06,3.1238124620358576e-06,2.0019078306177107e-06,5.544735699913872e-05,1.2394767509249505e-05,8.934768743529276e-06,5.868146672582952e-06,1.497627749813546e-06,6.889479209348792e-06,1.2456894182832912e-05,3.2599355108686723e-06
Layer_14,8.045557510970056e-06,5.6171685308559204e-05,0.001764996586241986,0.0002932699272249513,0.0002403152262745456,0.00019973696001682035,0.00030291172693654097,0.00020307979945983885,0.0005457831538238374,0.00030745889752787595,0.0021640596024062528,0.0002826077603787005,0.0003089386258630504,9.792031448300412e-05,0.0005514273417691748,0.0006773870504658384,0.00025885942821323425,0.00025628062694948994,0.00022948945333850162,0.00031048702291175666,0.00019022748420610835,0.00030120165636190213,7.068218744166188e-05,0.00012770701728641144,0.00017166926183591612,0.00013045933338376285,0.0005855037418989184,0.0002518588989384322,0.0004526718685355036,0.00013613945862308205,0.0035759727546850295,0.00011279617983332587,0.000867709687651086,6.166658697566163e-05,0.00029943433106893735,0.00010174921915664627,0.0015055047949014504,7.916006363473116e-05,0.0001204345633993853,0.0004947559039578664,0.0004249869076764818,3.3200696407220676e-05,2.5848813788797997e-05,4.364513658288161e-05,0.0001788421746482527,0.00026902276908913336,1.4996452364357538e-05,1.8755612700260826e-05,0.00014081793702303003,8.955933367360558e-06,1.740143329698185e-05,1.99492862407169e-05,5.6682237755012466e-05,0.0003297302776748741,1.3193838109752202e-05,0.0003583811740099918,1.6858798971952638e-05,2.081037882817327e-05,0.0002242661678337754,9.225324049566552e-06,3.833386699625407e-06,3.660783136183454e-06,6.499428991446621e-06,7.002967961966533e-06,7.014130687821307e-06,0.00020165447672582104,2.9278095098561607e-05,0.00019325861285324208,1.0956341043311113e-05,2.7621647404885152e-06,3.653612850484933e-06,1.971668069700172e-06,9.643197955711003e-07,2.209739989211812e-05,6.962319730519084e-05,0.00012430435594978917,7.0196367687458405e-06,7.49320437876122e-06,1.4305639069789322e-05,3.5884811495634494e-06,2.2429921955335885e-06
Layer_15,2.3540924783089725e-05,0.00028054366244418817,0.0015432154471719346,0.0014950402926132416,0.000608114642315985,0.0004495586729347429,0.0014153646148894151,0.000981891088342454,0.0006675658779779741,0.0007593450679121834,0.005495938258657435,0.0007785981476795889,0.0010608685179843153,0.0002542068980624065,0.0016230873441054022,0.0009940958920229687,0.00038670641609778265,0.0004818141211620224,0.0006343170900606765,0.0007554939054687436,0.000348126108693127,0.0003850788956139783,9.959348341987655e-05,0.000135927431856544,0.0006650786248274087,0.00034481705094602895,0.002377886529036033,0.00044317946195254385,0.00027253134893262163,0.00037708481364499374,0.010556459224145246,8.160524955449297e-05,0.002456196117429954,8.78240628480853e-05,0.000279642746556874,7.402355899759843e-05,0.0013410446115484673,0.0002046946956966167,0.00012807192469210804,0.004805104145944483,0.0006067129124858184,4.6892805623125845e-05,3.871638125474419e-05,3.418195319682127e-05,0.00044160895902223274,0.0002116898153872171,2.9654115678567905e-05,3.656187391243293e-05,0.00037788935298976867,3.237277340417677e-05,9.343395277028321e-06,1.5446816632902483e-05,0.0003387693750103911,0.0008713368339764808,4.5997481493031955e-05,0.00022339633869705722,6.725174353050534e-05,4.727226087197778e-05,0.00030286801029433263,1.1498131925691268e-05,3.1177194159681676e-06,1.3937445260125969e-05,9.304541890742257e-06,4.141006229474442e-05,1.5064810895637493e-05,0.0001027949957688179,0.00011910150260519003,0.00014798741722188424,7.958712330946582e-06,2.9765632234557415e-06,6.166908406157745e-06,1.029406774932795e-06,3.4988981951755704e-06,5.050301319897699e-05,0.00022901260763319442,0.00016833759673318127,0.00018792919786392304,1.616591703168524e-05,3.1876273851594306e-06,9.933503861248028e-06,7.937786676848191e-07
Layer_16,7.232745151351149e-05,0.001329307496539922,0.008527274568672215,0.006356784418400814,0.003317762982074146,0.004239468940365313,0.0035451906032994258,0.0037356786557121765,0.007537245019999483,0.007124722919174143,0.011280907620732198,0.0027658730880445836,0.005783272160823759,0.0013072258409484955,0.006003968432372852,0.0032712645591899815,0.0024538909637997746,0.00267177912438373,0.002473903299321081,0.02063131604449387,0.0011458599150940402,0.0013726012089904775,0.0006057545460050408,0.0022555430513239117,0.001110864747602136,0.001908179041787234,0.0038486144094349584,0.004700106777795554,0.003713194753186144,0.0005084419667203596,0.003061873682616517,0.00012262366610891397,0.07827455394586877,0.0020896622771715556,0.006115309046026596,0.000465411654052635,0.01896366918423256,0.0017680014765915075,9.432910090367841e-05,0.11091160450155257,0.005892425696889144,0.0007114242418235032,0.00024872682975001225,0.0005907445740376716,0.001038166839805399,0.0005263367561383347,0.0009038661496560962,4.886458782493719e-05,0.013177142760014249,0.00019382733700012977,6.933504482731223e-05,6.432228292396758e-05,0.0010791213697605901,0.0024951003166885735,0.0007083905276582906,0.0013987622114655096,0.0029743817285634577,8.903758862288669e-05,0.0015671034450406296,2.9529602670663735e-05,1.696468189038569e-05,8.031716788536869e-06,0.0005266593216219917,0.0047345623283945315,0.0003610093117458746,0.0009252145463278794,0.008226134239521343,0.0005349797502276488,5.595543962044758e-05,1.6259931726381183e-05,3.337070006637077e-05,3.622311731987793e-05,1.4043636952010274e-05,0.00013276578283694107,0.006825778910069857,0.001204293627779407,0.013228592676568951,2.1140124033536267e-06,8.805328661765088e-06,3.1564552045892924e-05,5.478013918036595e-06
Layer_17,0.0001554557358904004,0.01638729245900481,0.02442390206910986,0.020798696332680132,0.016585351767984702,0.024894455664904332,0.01400046711161957,0.026617032903958417,0.013751993390080812,0.02368527894299015,0.03103243156859037,0.021561189301493314,0.03578056908023367,0.00903186678971224,0.024798645037171278,0.008216421360247564,0.010985091700905076,0.004939493640846525,0.013804524171890228,0.029133764792883692,0.005663884761160121,0.0036959812787955805,0.0018782702177000082,0.030779037891516054,0.007086266001817876,0.009189274923140629,0.009184779453903502,0.012474306075970769,0.035448248056263766,0.002248957470063336,0.003577371919163852,0.00021905183149845635,0.10236675521173311,0.010039984815233539,0.01297613041524528,0.0006715285886053203,0.028433874745865576,0.0024694670747749115,0.00013644794835698804,0.12321109338847691,0.05341114688105465,0.002335791717390142,0.00249600970382744,0.0008828380492559518,0.0022319336285363534,0.0006325842894057132,0.0037727146377619647,6.211651384546713e-05,0.019766789655648154,0.0015334426531126155,0.0006012443556073777,0.00013392249911703402,0.014416256921322201,0.0032833707033811757,0.0009303580127379973,0.0008244283744716085,0.007743527210550383,0.00013510827920981683,0.0020525509173694445,4.3050196836702526e-05,0.0001379437153445906,8.516894297372346e-06,0.0004023439687443897,0.005667546443419269,0.0011414139880798757,0.0004989972346720606,0.01730734275861323,0.001627713401830988,1.6337483202732983e-05,1.0704711712605786e-05,5.8685964859250817e-05,2.558154028520221e-05,1.8213303064840147e-05,0.00014266131438489538,0.0034200562859041383,0.002320370545021433,0.1226402144882286,6.223119484616291e-06,1.5079800959938439e-05,3.7055066059110686e-05,6.372032203216804e-06
Layer_18,0.00019989284392093865,0.027831629122382573,0.05006208304000884,0.041162874841752364,0.04952879386414821,0.04803699065726924,0.03048935837789322,0.06207981681159604,0.041931546968978654,0.04261053710494187,0.06289879192933302,0.04496935911242755,0.07736354639622492,0.020241874628066047,0.03719636453516236,0.03231226047709287,0.038164413693952015,0.035737054138404674,0.0283984707579553,0.033005572467941204,0.021223929211361955,0.03706678180997774,0.006793750206242066,0.047830720913480035,0.008318008022308731,0.015818554527761403,0.011120061056544728,0.02805257062623241,0.03010216729297781,0.0013535295799253315,0.008721937935289052,0.0007070847055233157,0.09827066053985618,0.01901299525341642,0.013959728531335713,0.0038630741016984554,0.09040241792063676,0.006222621840379361,0.0003840942371766687,0.17176386753268957,0.05784524083479222,0.007962650901996918,0.004070482610768522,0.0006644013345066923,0.007958159366353357,0.0031943715430315933,0.021336145547138585,0.00010492821832031041,0.05572782016915312,0.0031564488726871787,0.0017692000518536588,0.00028347817442408996,0.0731661773667535,0.0023385199601761997,0.0003446371594388135,0.003502301602566149,0.03152323508402333,0.0006067038557375781,0.0010123421402568056,4.9274043703917414e-05,0.05150795964800636,8.52902084602647e-06,0.005476177277159877,0.0022097037772255135,0.00026341748889535666,0.004490702548537229,0.05676108340230712,0.04719752479286399,6.670591801594128e-06,3.7913667256361805e-05,0.0007180019583756803,3.48482408298878e-05,0.00021270836987241637,0.0006383786676451564,0.0013450890728563536,0.007686963722335349,0.31135443302900967,3.873869718518108e-05,8.479158623231342e-06,4.885926318820566e-05,2.0689243683591485e-05
Layer_19,0.0007700853724076368,0.05559068962654501,0.06384448729732407,0.0772774944515581,0.0791009671510717,0.09449502556353125,0.033460695238038414,0.09012428795685519,0.06683118058248935,0.08322662163978488,0.0901276157473311,0.06452266936107089,0.09817196421477842,0.04339430599382219,0.07466972180119397,0.058191673572719725,0.04533719393816332,0.03645063971676295,0.048907054921315016,0.06161137433769866,0.03857260620183448,0.06120208003372524,0.00549327633340064,0.05985138583011576,0.015295564551092867,0.02021344331489458,0.013387199784778758,0.03547007661547544,0.018751323126796872,0.026304378159845026,0.040034029108689785,0.0017713939823393462,0.10290821745802532,0.12915073373415567,0.006850227345785243,0.0039497189362817965,0.16133499705357382,0.011291461185010121,0.0006390681813854826,0.24795103833886856,0.17059820778636745,0.0041254947961230455,0.002439809698262252,0.008118938862389768,0.021324273760001233,0.006843695630777802,0.05136579517147766,0.0015795657368471439,0.10575902793613068,0.011735511823644629,0.0036749932137354335,0.0006466183676820947,0.0728674515048624,0.018580263065814506,0.0006473697195209146,0.0064556744873698335,0.09204940329072997,0.0005769792041974142,0.017723107488109235,0.00011525895388331264,0.1351704112257721,0.00017635832091400516,0.0065540793584659696,0.030947880162784713,0.00026467369752936065,0.008471359486065921,0.13447268711024662,0.06396262277849019,3.823251427093055e-05,0.00010725792162702419,0.0033970475199112116,0.0005195719913899666,0.0027903478039661422,0.019312730379169807,0.0006074089760659263,0.014962971561544691,0.35886440029435107,0.0002126642211806029,4.138974691159092e-05,0.0002212880935985595,0.00010747106716735289
Layer_20,0.0016384090309838589,0.07431443724961832,0.19021407093530002,0.1474874095673774,0.18509585963650746,0.173518534432545,0.11345289146005101,0.17687507910119327,0.16347595095706607,0.1618344252728483,0.16972239268289047,0.13920199960251142,0.202345072225988,0.09245765560435938,0.11764817061898511,0.13138997981050893,0.10245656889780479,0.05890643014102104,0.0704754849921672,0.08296876140810214,0.05699024301605258,0.09091133094407709,0.0218465349810015,0.14348357946466422,0.008076777049041084,0.02608364637639812,0.07176947656098775,0.028018794925719702,0.023350890227356494,0.03897450278782344,0.03250576590058203,0.007440504781532747,0.11389610347978305,0.22032458929904236,0.13564902968591924,0.040654700595041504,0.16658743619422645,0.08925809608626878,0.003647298879386085,0.30383119818782234,0.20981442979557738,0.08782649161003064,0.02768631470244145,0.2046872980405169,0.05335746841956279,0.05610950746222443,0.0589525494060581,0.0017553957964082656,0.2010418802674394,0.056929364745883504,0.012546359577299881,0.0015762803677716875,0.23428455786779523,0.3702981686316586,0.004771205799594706,0.0432001158624189,0.22900504323479254,0.0031734490767121315,0.012299246423026489,0.00036906210152665153,0.1438607078162022,0.00033614675049875586,0.004214462824165821,0.49827458366416977,0.010879701236262918,0.04482353106868686,0.2840003743986017,0.059342257387470454,8.937954862631159e-05,0.0025255664586438797,0.0032405310157628264,0.0012670270189119037,0.001048608688506647,0.49485240373178385,0.01882984390249476,0.10056459067345713,0.23411145988757198,0.0051340952049940825,5.316339957062155e-05,0.0009604826918803155,0.0013719580601900816
Layer_21,0.005569476873541137,0.10868973504090515,0.22499173752544904,0.28832630834994205,0.2627994290823159,0.2310788884883475,0.18665953889787137,0.23268045090291137,0.2677911819173068,0.279469144021156,0.2566396355702263,0.2216446039284636,0.28704993783877386,0.1640602417526458,0.1632488376855103,0.22221814502995904,0.23434775011718068,0.1485936038671339,0.15168092731996044,0.1356133228253525,0.14418440284573128,0.15757038805502582,0.07331365002637824,0.17313877408709233,0.13404675676950434,0.12427827679536729,0.090599911132216,0.058414224083632386,0.07011181018141054,0.13173132102535115,0.1549592380681795,0.06977626550038125,0.15028889816021546,0.19159833836592952,0.09612598837811674,0.0536430535240571,0.2223581342198789,0.1331158640969079,0.0107790056495638,0.3271873804260963,0.30386816093180513,0.11300084240307721,0.030648882058449088,0.23838927796605275,0.026920753938611597,0.13429084029667138,0.16233852160985407,0.0025368477654410526,0.16430060856555428,0.17833197096842923,0.10880896874004975,0.0031780628830802016,0.2741960901378964,0.4166803431192723,0.006962952498724917,0.022330162522848696,0.4251478057667555,0.2555676720221527,0.00215494551230222,0.00019844615599140525,0.07304814853705466,0.0013801257421164337,0.002830715326126665,0.49733251868929074,0.009293287876062095,0.027447348002169747,0.465466696761041,0.3782750979298726,0.0012222440273035318,0.005374524960643612,0.000752621757783345,0.0010898291075136513,0.0023131841189751867,0.4967370973317884,0.014042370719835162,0.21239673932723235,0.4316432762796012,0.054717405437259004,0.0002216569919255562,0.0035752062685787678,0.0006260554073378444
Layer_22,0.01154567850223441,0.17690745153949786,0.3240095823066951,0.3364182563195421,0.38599357466400364,0.3070829682806544,0.3110312889791979,0.2964429234612656,0.3538454904421973,0.36300254444723534,0.3586109619580791,0.2943748972752192,0.3624829112233164,0.2088749347137415,0.2957476700543194,0.3665636970414393,0.3296258344945062,0.23255100224270625,0.21192457951392685,0.27211557794964303,0.22489515736192836,0.23558154879632667,0.20959014411814536,0.22246821343302145,0.2103822777171672,0.17660256036245248,0.1576881402255026,0.22927511004552723,0.08250535424012924,0.16595383462542182,0.14811859119183943,0.1664571904495295,0.18804237680742517,0.24070230281022303,0.21700159796216306,0.25322964047922547,0.3689169888279543,0.2772110085352324,0.09434414252909562,0.31989062136469215,0.4225347521839597,0.11813803801002602,0.039814567693974824,0.2871562565182103,0.04410856952290487,0.3947030081762932,0.27599754429684253,0.020937936991686,0.4322613901706518,0.25036635476135416,0.3234069292229833,0.023628945199277496,0.32561559641423327,0.49976044117162627,0.11098303405742627,0.4659333579111262,0.49515643419363187,0.23190106265246868,0.002183268661610782,0.0006477305432781577,0.1616631275974214,0.0022742039022887184,0.11921238177455962,0.49750513266189955,0.20580514520406723,0.4595329181756824,0.496880903156125,0.42511441372334957,0.0017860698862932622,0.04944403487024829,0.0015338986777351238,0.0009405755117768422,0.0007329683357966132,0.49449889374227496,0.11281589977443218,0.470468337967759,0.4935516402038047,0.11339911937102443,0.0002340854043723084,0.07051054388284683,0.002346402732655406
Layer_23,0.01638413956230804,0.30940998730991287,0.38022519660364457,0.4021765960368837,0.4999633707448985,0.39960537269418206,0.37187893874647815,0.3793520604845996,0.46268705941750116,0.42742187193181874,0.46724588586419463,0.43159666379653,0.5048401244465233,0.26665842026686054,0.35729106246257597,0.44954720692107336,0.3801238112655343,0.28707391260495363,0.2977293078379378,0.36455567635914576,0.2565322219280134,0.3327140760430343,0.3153693914496805,0.2455289867659485,0.24840268217249103,0.1759113922222134,0.32301892789246267,0.2453427923494928,0.10716979664454508,0.18735302682580368,0.1648908959440715,0.2668208227610607,0.24405875554257364,0.2621807819814421,0.36825786047893416,0.18467164248512644,0.40247435171315576,0.44162413480808027,0.189439925703482,0.3552198119870127,0.4780652891079496,0.2289800632861443,0.11329731139121577,0.4107763627078384,0.24253448651052167,0.3144267698226031,0.32647708491276717,0.21468011826800648,0.47455810551218747,0.47291845838481095,0.3577717467196635,0.0771147451074512,0.38938871181259554,0.5989720740860017,0.1567982719182813,0.2602759169531055,0.49838293161519687,0.07843546755611897,0.026513805147260427,0.001068659228621982,0.12564554600976408,0.0068653463349619415,0.4139819471165538,0.48659387102816254,0.5052999407052994,0.25846402160823345,0.49882226790941786,0.4208480236120522,0.05889754416421056,0.06767422710254323,0.0010862142080441117,0.0075826216489076614,0.0011292956914985552,0.4797574227050063,0.18855832889676094,0.2616581147303805,0.49554582422024396,0.1830240643612342,0.0017836275656009093,0.17675410211086273,0.004497239366173744
Layer_24,0.026789662422028376,0.33708175467258883,0.42550938904411145,0.4523363533669263,0.5381778254891816,0.4787907740050484,0.43150631384554666,0.42235770285278057,0.5175007059709669,0.5046238868643698,0.5046581724269064,0.4614934813051375,0.5392808875906037,0.3236964271095603,0.42285762485850575,0.46382164831089207,0.3904796869677879,0.3516216869522561,0.37904036634793614,0.41190070297116543,0.34513718311576763,0.39123627633448305,0.37897238379619985,0.2788320178980939,0.3448705306174816,0.35898632884902115,0.3379779136139405,0.21370473506106766,0.2383405671596847,0.2119145985149468,0.2938292896654854,0.3807374809171465,0.287548027941375,0.28898509189020843,0.38104850801464635,0.26637223196060705,0.556701192340875,0.4910703848581761,0.3858572622439169,0.3385941865971063,0.5112125386617014,0.26924825498523813,0.14100631575565786,0.39891368988901377,0.15537521686201217,0.454644393408671,0.24419639826828643,0.2633083160035312,0.6841903386794002,0.4662123024536413,0.4280149913392961,0.2139485445328262,0.46546053886413574,0.6499503590166569,0.13406917732208967,0.4390885327011347,0.47737499447976006,0.030708122067153454,0.30278076976537704,0.000671895599225536,0.11910478339996189,0.02739734307397157,0.1623222315683961,0.49259531823918223,0.3520044982433319,0.4293174766935408,0.4937703898176551,0.44029963202774525,0.3251314237713814,0.054868958664883394,0.0035001953365281224,0.011297366965663969,0.0031918843742460012,0.4763946965103969,0.20080743357539177,0.5298620387911797,0.4756903154157044,0.14576443406986073,0.05086569394916296,0.7059518098831177,0.5884307622909546
Layer_25,0.03467200468183091,0.41773388989023597,0.4902682434019661,0.47657247952090137,0.5522346699546361,0.5053788422599618,0.5218173302759385,0.4942440698376908,0.5765462840067269,0.5654498640215024,0.5478071951541118,0.5122597832319725,0.595463892967328,0.37615827575163246,0.46018984813965835,0.5116020985862607,0.4555056127448412,0.4450981362696356,0.4533885595236064,0.4265811723669339,0.36832934790977445,0.4540996266972093,0.46267110493821356,0.4010778538952582,0.3486333317589015,0.46618182518902945,0.405886152308085,0.30821526971558344,0.29952908967146263,0.34020011491763097,0.3654388956677973,0.3945266712650085,0.4157598990481347,0.3561864530667663,0.4774649410202983,0.3439056793059636,0.6297654644456796,0.508920019492507,0.444266812665262,0.4136556730868506,0.5854882337152958,0.5040656890099248,0.19785933154635132,0.3984406963456422,0.2214342475635931,0.504515572451055,0.3289955132004252,0.2799718398600817,0.7349471280176658,0.6974379618986859,0.45565454568713903,0.13081771360265293,0.6458204438289007,0.6576808417836825,0.2044738351056973,0.8149847686290741,0.4977368672571174,0.1371208056807518,0.49629343673586845,0.0009927331557264552,0.1431456357240677,0.026975869666785002,0.2296108789741993,0.53379125893116,0.4273301959037781,0.45310262870043516,0.5054912269115448,0.5140204653143883,0.5826152116060257,0.44647175387945026,0.001351135826553218,0.006225294840987772,0.003587182844057679,0.4733047029003501,0.3540615439414978,0.6012342125177383,0.49719460781125235,0.49511730471567716,0.050810336135327816,0.41146549582481384,0.8849809765815735
Layer_26,0.06432955536194607,0.5712070363962498,0.6575513330441355,0.6292235400453096,0.6868298312193417,0.6461606659890816,0.6466017758624946,0.6539898299109524,0.7098884185212194,0.7243581141151177,0.677884838310274,0.6549257248042681,0.6764626386034901,0.5616577364952801,0.6144721790416432,0.6658870916498799,0.5864305112643006,0.6184418272543223,0.6438799010754839,0.6483092849791449,0.5434032744244457,0.6591927113852674,0.5815217240033884,0.6302653272124007,0.4332649954594672,0.6820054712760097,0.5786401170771569,0.43098957173060626,0.4677903617315072,0.5647210030195614,0.5629346153212034,0.5211409382119944,0.5517042797524482,0.4059067410416901,0.5290108461864292,0.48538024166029775,0.669336996099446,0.5983327617868781,0.49214035508225606,0.4987737612739238,0.6852446665455189,0.76023946950833,0.28712352309376,0.4373403624165803,0.4046035211067647,0.8504882454872131,0.4940855879103765,0.28033653227612376,0.7251716915052384,0.7032923799706623,0.8262007236480713,0.295855369331548,0.7379747927188873,0.6565231947849194,0.4001135602593422,0.8877792656421661,0.4989774630666943,0.21657682210206985,0.5157488398253918,0.004014514968730509,0.07963622733950615,0.09689964260905981,0.11160863190889359,0.6397926211357117,0.5916961580514908,0.5117535311728716,0.5353815108537674,0.5131013616919518,0.8426281213760376,0.463843101169914,0.0018195848679170012,0.028550942474794283,0.07902208715677261,0.9327419102191925,0.9315348267555237,0.9667220413684845,0.5094651877880096,0.4949935294898751,0.5831603854894638,0.9329667091369629,0.9914133548736572
Layer_27,0.08786706236923868,0.6462714344198502,0.759805319143123,0.6701290436173067,0.7961127473281522,0.7786962463085594,0.7373684107689029,0.7596971795783971,0.7902416910617314,0.7832525096966751,0.7677868135583897,0.720954655148761,0.8078545944376306,0.7403169920646839,0.7253005023737281,0.7733901273196852,0.710693462837774,0.76911171651657,0.765652622399158,0.8278615765628361,0.7477232464230977,0.7373578576070647,0.7972982640161977,0.685209323214367,0.5813485948368907,0.847634930821026,0.75479402160272,0.5334357780093948,0.6401828993111849,0.7980821542441845,0.7159951078620824,0.6182519836689938,0.7311429757624864,0.5895319387316704,0.6970751658082008,0.5579156056046486,0.745345342800849,0.7592647084966302,0.6443646567349788,0.6228867013196577,0.7272885681263038,0.9863360921541849,0.6400416165590286,0.5392312981188297,0.6211869232356548,0.7583904340863228,0.5919152088463306,0.39332785829901695,0.7820393443107605,0.9466104805469513,0.9441336095333099,0.7057581492699683,0.9775381088256836,0.6561365922292074,0.6882386952638626,0.9159119129180908,0.5467389710247517,0.13998550921678543,0.5737047791481018,0.46271763648837805,0.14211869798600674,0.5280364118516445,0.8176895678043365,0.9811414182186127,0.8432313799858093,0.9867908656597137,0.6282733231782913,0.48928608000278473,0.8301590979099274,0.9442688226699829,0.21188093721866608,0.5004374090349302,0.1659008003771305,0.9420318305492401,0.9637672603130341,0.9426401257514954,0.5244872104376554,0.499971715034917,0.731459304690361,0.999913215637207,0.988728404045105
Layer_28,0.22537858513515283,0.6800637394853766,0.8100247313490226,0.7322035496144143,0.8387436653574696,0.8165880966285044,0.7906707264088347,0.7961259588467337,0.803807157672805,0.8146281324681781,0.818462481438404,0.8008991401815384,0.8201255676142134,0.7922076102113351,0.7618444668999934,0.8193559183699775,0.8128224822191091,0.7846240687099371,0.8030474507915122,0.8511388213151977,0.802723712216203,0.74751655901632,0.8325344777133848,0.766736863926053,0.7904160814359784,0.7712761821115718,0.8088969076052308,0.6908982212344805,0.781531084018449,0.8174770288169384,0.7551441172307188,0.786127052523873,0.7363499626517296,0.7773940950632096,0.8182292520999909,0.68025567713711,0.9043153325716654,0.6803906541317701,0.7159250939730555,0.4423433738447784,0.7707265125853675,0.9876853128274282,0.6934956431388855,0.9457395076751709,0.8544653505086899,0.8155685439705849,0.9919416159391403,0.39692325703799725,0.9097575843334198,0.9739672094583511,0.9231494814157486,0.9785336256027222,0.9121161301930746,0.6928630446394285,0.6646857199569544,0.9223601520061493,0.8848378360271454,0.23654435575008392,0.49616215005517006,0.7513100504875183,0.5349568724632263,0.8445252180099487,0.799207478761673,0.9947888255119324,0.9383386671543121,0.9870045781135559,0.867435097694397,0.360351100564003,0.8688149452209473,0.9537321925163269,0.5741656124591827,0.8680214583873749,0.713688001036644,0.9961475133895874,0.9777450859546661,0.9054806530475616,0.9154179692268372,0.500335608550813,0.7457172274589539,0.9993465542793274,0.9921748042106628
Layer_29,0.5343502966081438,0.7738634792156518,0.8613707580331231,0.809931541407915,0.8725067018531263,0.8556532349960864,0.8460380897178488,0.8527184374037042,0.8669270482085166,0.8758339297203791,0.8994550719147637,0.8592153517241331,0.8747727251969851,0.8613919727504253,0.8510263999561211,0.8459292402569677,0.8774051015193646,0.8597821257331154,0.8828225792670736,0.870931500125499,0.8174902529288561,0.8226925922978309,0.8523831170584474,0.8353869521617889,0.7679951429367066,0.773266489014906,0.8040433544665575,0.826651390393575,0.7662802517414093,0.8889833639065424,0.7947775667363947,0.8258459242907438,0.8039350032806396,0.8525672078132629,0.8406280487775802,0.7458348936504788,0.8960774838924408,0.9056927375495434,0.7610921859741211,0.7751967161893845,0.8986753097602299,0.9779529273509979,0.8887265920639038,0.9555570602416992,0.8586726933717728,0.8106687292456627,0.9802764803171158,0.8282313644886017,0.930011510848999,0.9660394638776779,0.9698349684476852,0.9469635635614395,0.9886123538017273,0.8129970530668894,0.7018087580800056,0.8387191891670227,0.7584490776062012,0.6160176917910576,0.5118412971496582,0.6829935908317566,0.6887224912643433,0.7411408424377441,0.9195683002471924,0.8232947289943695,0.9975017309188843,0.9979913830757141,0.6762682199478149,0.6247031390666962,0.777711033821106,0.794026643037796,0.8408294320106506,0.9021093547344208,0.9384423792362213,0.987176239490509,0.9918457865715027,0.9669211506843567,0.9966886639595032,0.5835276693105698,0.815749317407608,0.9998486042022705,0.999446451663971
