Layer,1_token,2_token,3_token,4_token,5_token,6_token,7_token,8_token,9_token,10_token,11_token,12_token,13_token,14_token,15_token,16_token,17_token,18_token,19_token,20_token,21_token,22_token,23_token,24_token,25_token,26_token,27_token,28_token,29_token,30_token,31_token,32_token,33_token,34_token,35_token,36_token,37_token,38_token,39_token,40_token,41_token,42_token,43_token,44_token,45_token,46_token,47_token,48_token,49_token,50_token,51_token,52_token,53_token,54_token,55_token,56_token,57_token,58_token,59_token,60_token,61_token,62_token,63_token,64_token,65_token,66_token,67_token,68_token,69_token,70_token,71_token,72_token,73_token,74_token,75_token,76_token,77_token,78_token,79_token,80_token,81_token,82_token,83_token,84_token,85_token,86_token,87_token,88_token,89_token,90_token,91_token,92_token,93_token,94_token,95_token,96_token,97_token,98_token,99_token,100_token
Layer_1,8.327575442716698e-31,4.077176251384705e-22,6.420610918404527e-21,2.471194675779965e-19,1.1298357502217646e-20,7.15865574635719e-21,6.105487288364716e-20,5.520151655676346e-20,1.006591868066249e-19,0.00411522633744856,7.811591093098743e-20,9.666999480304952e-20,7.41793329098022e-20,6.196022521540464e-20,6.129417232607314e-20,6.680934814949723e-20,0.007936507936507936,5.157205279690245e-20,6.848703746232159e-20,4.5066906944997587e-20,3.909462476674602e-21,2.7673721908908414e-20,2.818438083723852e-21,7.780032636454856e-20,7.79674895941759e-20,1.4831773186408643e-19,4.855495976463749e-20,5.071912985364797e-20,6.153683044547671e-23,8.188819469899124e-24,1.5731970693078213e-21,1.1082987413406942e-20,5.732098348744902e-28,4.858374557332757e-22,1.1530631186517682e-21,1.2041081289873329e-19,5.29357518318661e-21,5.772852298322539e-27,5.027308542559335e-22,5.1496577264755e-21,1.5930356467618185e-21,3.121166546859645e-26,7.306017180212301e-20,7.508265855734877e-26,1.2588198711930067e-20,9.010660153007672e-27,4.643167237278449e-28,4.4210054537805635e-28,4.35564286843907e-25,1.5682261211177264e-25,9.655315374569764e-20,8.932180005843127e-27,2.4624661939643254e-23,4.7388099650131096e-21,2.586264804014638e-26,8.041336734407469e-24,4.721325560555172e-21,9.38249435398294e-21,1.6570882572416378e-26,5.1555269586460426e-26,2.017029913823843e-20,1.0343490390979165e-20,1.0928271699770804e-28,8.182435881911073e-21,5.029015426571068e-25,3.631643688607369e-29,2.702449674321126e-32,3.428593335970035e-27,1.0416289766213012e-26,3.220358221453951e-28,1.3439456020101538e-26,8.669589974906836e-28,1.0912700026200619e-26,1.4570141921128965e-21,5.263455294580933e-29,5.336286126060977e-27,9.149393348322442e-30,3.345588081617218e-28,2.9589161858423445e-23,1.8620520097723043e-32,4.1555339038114533e-19,5.588419086486754e-28,1.8438384365560526e-26,4.297705474475012e-21,9.515354222873469e-28,2.5801858724813086e-20,9.444343384694785e-28,1.7069214135087857e-29,4.391391619979732e-28,2.5895707176499444e-33,1.3860299999452562e-26,1.1925997383649426e-28,1.147402715697507e-27,6.394165562131383e-25,1.761432169656295e-42,5.998291106828742e-35,,,,
Layer_2,5.043699444363522e-07,1.6536836916375702e-09,1.156755940694871e-07,1.2153142777098397e-06,4.1093000778779306e-07,1.5799323210310736e-07,6.948858176993717e-08,5.575150779379844e-07,1.012244161307354e-06,1.4055292840195322e-07,0.003945641006292518,1.743794791412741e-07,2.1866885704938956e-07,2.5741492737726274e-06,5.283400115536031e-07,4.320057103819245e-07,3.996795987599424e-06,0.007229517525216264,4.580677145861923e-07,6.038531338950993e-07,3.3425101046384623e-07,6.704294626603379e-07,1.9329801930078266e-06,8.938961560135026e-07,2.185809673743628e-06,1.2198744205431706e-06,5.298744850252052e-06,3.373385408521656e-06,1.1451754808419226e-06,8.552370272138925e-06,1.813244853808312e-06,1.1080291774177114e-06,1.0147099782352342e-06,9.703227026099148e-07,1.8623936723013435e-09,3.050456970237262e-06,5.297607055050764e-07,1.0869786193003913e-06,4.1113776501219805e-06,1.1514420531657926e-06,8.646585746685905e-07,1.699807920088746e-06,3.898615661603918e-07,9.009197769333946e-08,4.760115154956376e-07,2.329316774799109e-07,1.1198908954087772e-06,6.508208025888089e-07,1.1406433162582393e-06,1.6586490727233397e-06,7.283410206175447e-08,1.8419754740688467e-06,4.871253148201502e-07,4.7170562951568695e-07,1.0955962688606141e-07,1.1867000040725283e-08,2.565670471317129e-07,1.3415096942106255e-05,1.2936357749462338e-06,3.948557310304841e-06,3.381326067185615e-07,5.576897134038129e-07,4.700188608739227e-06,2.129004122116518e-06,1.7622133959172677e-06,3.6092153098018846e-07,2.8393477673769893e-07,1.0243237191967876e-06,2.779153396723958e-07,5.257292159342068e-07,8.522112268640667e-07,6.184965469909401e-07,5.509554763881405e-06,3.278302347083962e-08,1.1743603607960597e-06,2.881711418669358e-07,2.688155464431243e-07,9.916544297165955e-07,1.1313471705489084e-06,1.1390618970451523e-06,9.583102350978488e-08,1.9639320472723272e-08,3.2215074332759127e-06,2.6132223262718984e-07,1.2516287043333671e-06,1.2977419403996926e-07,4.295753555343886e-08,2.3264592646621098e-07,1.2406327671582111e-06,8.41983939331117e-07,1.4626565410891996e-06,4.100029762917007e-07,1.9740836794793534e-06,6.848672599001598e-10,5.462376884693749e-07,5.470370372389794e-06,3.96430801284575e-08,4.049054089999458e-07,2.3356158719735604e-06,8.801148648986629e-07
Layer_3,7.86488537734816e-06,1.001338524919719e-06,2.637157537976058e-06,3.594519991417021e-06,1.0891474224287084e-05,1.0132057885761845e-05,6.423873634990637e-06,4.00577387985426e-06,4.030473725421663e-06,4.076911094066486e-06,0.0035682056183138017,1.4371061028644181e-05,9.776981057125988e-06,1.6066054717638273e-05,0.00010800057085397625,2.3461972829157022e-05,8.7756085164125e-06,0.006683707440085893,1.394067479883246e-05,6.898175188509468e-06,6.2844239271584955e-06,1.0936007108529767e-05,5.6868139876496145e-06,4.325703552492503e-06,9.42757216529238e-06,1.4082035628034443e-05,4.763710178206788e-05,6.197644215609276e-05,5.665068592044828e-06,1.7879416676263476e-05,2.322875877422255e-05,7.032564709048178e-06,2.9031289743041823e-06,4.041974553555424e-06,2.106157908769421e-06,8.458377696371045e-06,2.308078842804387e-06,2.424684452496452e-05,2.944144528636938e-06,4.1910179361469586e-06,4.302863996661236e-06,1.0607389642003772e-05,3.5690538597741147e-06,4.4700687004429095e-06,2.7736214446982267e-05,1.2267405994673346e-06,1.7062010354698924e-05,2.4154888266743605e-06,2.935158562903937e-06,3.1305734483246664e-06,3.3915477712022844e-06,3.03056135315145e-06,3.0154716787944345e-06,1.961979311465312e-06,8.558692056577003e-07,6.94244041239506e-07,1.4598783542361967e-06,4.136675352378717e-05,8.237720586537743e-06,7.765961229322722e-06,1.5516504287109017e-06,1.748702282123886e-06,9.64324180524167e-06,2.7940439615927405e-06,2.5584770868221965e-06,1.9924995482349763e-06,2.1210918114613966e-06,3.6792772666632153e-06,1.2808545151320918e-06,4.179593428634536e-06,2.4839159177433266e-06,2.880696678707979e-05,7.524569498650815e-06,1.2768397119493113e-06,1.2787006004016783e-06,3.411387835298669e-06,3.2158761234739114e-06,8.257203511468114e-07,6.492582508401161e-06,4.242527894712172e-06,3.1102923502561793e-06,4.437191691121638e-07,5.059411456676153e-06,5.911613944658947e-06,1.9168050891446337e-05,8.932990007794768e-06,3.40103697436178e-07,5.900141175283473e-05,4.937449322785883e-06,2.7146020884940406e-06,1.5532312898514052e-06,6.876444173925592e-06,2.7035093839807353e-06,2.837783997162818e-06,6.24949237065052e-06,0.00013639047075122713,2.4875407045070786e-06,7.013764683673654e-07,4.137665318207893e-06,1.9312416504630703e-06
Layer_4,1.2185691397152419e-05,6.7769457084440634e-06,1.1123148556225623e-05,5.758651447037772e-06,1.0955453434681491e-05,1.9761646663378278e-05,9.668980824362153e-06,1.8185647391217403e-05,8.501972263760531e-06,1.2731356897069975e-05,0.0021989303791170255,1.6303303882695787e-05,5.372860741181584e-06,1.4509621586297251e-05,0.000806764215680383,3.8118628947943494e-05,1.5492710351802343e-05,0.0013561443565901624,1.204607610379204e-05,1.0117922369655797e-05,2.2586329458795183e-05,1.1609114730327508e-05,7.043714669987245e-06,1.2294551539091617e-05,3.422088188901416e-05,2.6948343287704158e-05,2.094179251070372e-05,1.7773443011958803e-05,9.832549756908423e-06,1.5123991865408163e-05,1.2488117736785654e-05,1.297204028481398e-05,4.8453429791133e-06,7.071985342183068e-06,7.39454827061422e-06,2.7468932025544503e-05,4.3413595269489975e-06,8.961996877507847e-05,2.163390860387069e-06,6.064516594867662e-06,8.532982777454302e-06,2.380028124917384e-05,8.561171964370984e-06,1.0476985725366199e-05,9.303454870198645e-06,2.6099387833024144e-06,2.239125009773139e-05,6.373205617183461e-06,8.571258098790808e-06,1.1776578106989492e-05,5.489406869224942e-06,2.4087393523543058e-06,9.557127702834818e-06,6.4771083533871325e-06,5.589601823681656e-06,1.8583284495357242e-06,3.6006945029170354e-06,2.1713754494886307e-05,8.36390963505477e-06,5.857872423264119e-06,2.2420321907313502e-06,7.020180523445e-06,1.1280839357919115e-05,8.786281474214115e-06,5.648374800169894e-06,2.521328125739748e-05,5.431653750202596e-06,6.67374723190293e-06,3.777878648728039e-05,1.8372186565685945e-05,8.771972556245175e-06,2.1265522096975896e-05,7.623244286529362e-06,2.7328600850502456e-06,6.1656546289064865e-06,3.1224205949867855e-05,1.430425643880194e-05,4.404146957422357e-06,2.2143712606732874e-05,3.285612949461403e-06,1.844859113869779e-05,7.649596277986558e-06,7.315739562116739e-06,6.248957634479244e-05,4.922142245539478e-06,1.3929868522582409e-05,2.0055044055930504e-06,2.6339940369003653e-05,1.2282105506921156e-05,7.972946503374562e-06,6.374699456540994e-06,3.666824752451556e-06,6.308194589259778e-06,1.3492423926847116e-05,2.3076858423355315e-05,4.002147766422414e-05,2.558590832043594e-05,3.3962029878766733e-06,1.566250169669307e-05,4.121436003495331e-06
Layer_5,1.4503108638653876e-05,3.2174427025511184e-05,7.37328130954328e-05,2.548891645801269e-05,1.882738624591574e-05,5.2301461302665e-05,1.427152107939456e-05,2.4309697973209185e-05,2.287511676965813e-05,1.879074867752159e-05,0.002383393724121944,2.6368374342841568e-05,7.2920260953854094e-06,1.6424239284557918e-05,0.00022174617461858583,6.573971028762665e-05,5.6123616330002664e-05,2.2407865567928476e-05,4.851912288592501e-05,1.8119737836285315e-05,2.5386563654871384e-05,1.3195571359546953e-05,1.0737888793564448e-05,2.3094499929005805e-05,5.28234859590932e-05,0.0003255551135244263,2.345492064040518e-05,1.752873346466474e-05,1.22499462408695e-05,1.560973797201104e-05,4.0357894574275564e-05,1.603825462769592e-05,9.714522430873175e-06,1.000505979608417e-05,1.429469849983008e-05,2.3970457719732575e-05,5.2464588178858e-06,0.0001946521780539249,7.701266217441964e-06,2.2174871979821487e-05,1.756666438033072e-05,1.9208312761743756e-05,3.6134926523144194e-05,1.4324298106347855e-05,1.246857346950658e-05,6.2764519128322285e-06,2.7958388325824004e-05,3.55739825920151e-05,2.0195578787326045e-05,4.9380114836203573e-05,2.2393259617939187e-05,5.535636505880769e-06,1.1539026849797355e-05,1.918324819106232e-05,7.537180871635813e-06,6.782363475109034e-06,3.354171770339689e-05,1.2954966461949849e-05,5.2619330066489e-06,1.6031898996034705e-05,1.6966369727827964e-05,2.984923418210574e-05,1.615394732163698e-05,1.4277716143105084e-05,1.2967042145040075e-05,2.7189735150579995e-05,1.811151691195006e-05,6.744478579148979e-06,0.00019723468083711717,6.326842996910593e-06,9.446676949276863e-06,2.4576088469485667e-05,1.147303017283944e-05,3.737584058939869e-05,3.825717132889539e-06,3.570696196618007e-05,1.8721843340637873e-05,1.1263274474500781e-05,1.4425099772459593e-05,8.773496235806033e-06,4.4404681893261966e-05,3.446643159866388e-05,2.27725806764593e-05,3.365622482865612e-05,1.3663710709899135e-05,2.7413521687574826e-05,2.8836043754357617e-06,5.09059544343846e-05,1.1487677231105029e-05,1.6426651012503767e-05,1.2153515709857087e-05,8.124964863029596e-06,1.0272613758871989e-05,2.6506693613746425e-05,3.971950459306607e-05,2.5151918539023654e-05,3.662094791842754e-05,1.1795220063211585e-05,9.24415531737092e-06,8.228230973461592e-06
Layer_6,2.755775571047325e-05,5.976192512584416e-05,0.0001354146932217386,5.4522635007769496e-05,0.00015148294879214087,0.00014501329016287101,5.3080529474078513e-05,7.211687677575736e-05,8.295558596331848e-05,5.785014543448555e-05,0.002508224656418534,6.870869644862954e-05,3.8130802201139056e-05,3.214180001170621e-05,0.0003586833249118956,0.00011098686251911728,4.6321017677398674e-05,6.816898188923386e-05,0.00011617395518282609,6.509723398899827e-05,4.422892303072013e-05,4.953763317888165e-05,6.254994760916296e-05,7.326847161614249e-05,5.980991385567145e-05,0.0020815822624181634,5.9407985575864094e-05,2.8542925997901342e-05,1.896777722256433e-05,0.00037573910317945846,5.327565299419389e-05,5.613553717195904e-05,2.4490154949609293e-05,5.4308473696732897e-05,2.9468343943979864e-05,9.534791369279422e-05,3.2543428061505685e-05,0.00023750186264435817,0.00014099032016111958,3.865068856824726e-05,4.916611815897198e-05,4.345783341327602e-05,0.00024039544594423035,2.0915937347385388e-05,4.8940789910731736e-05,4.516667074484473e-05,0.0050688515831381255,6.263910952621077e-05,3.1305584086386177e-05,0.0002155785408422414,0.00017730413616108778,1.3303450716781452e-05,2.195074405962855e-05,2.7002794343137077e-05,1.1722529875622346e-05,4.798677219005535e-06,9.73307501854588e-05,4.971581692882519e-05,2.5029825255828975e-05,7.471891070013707e-05,6.1022518698781944e-05,2.2151610263266697e-05,5.607778530376932e-05,2.9449415727679128e-05,6.650095677781823e-05,4.315259094637854e-05,1.7951749106711905e-05,5.6095563351207545e-05,0.00021255492245005186,7.761071850738558e-05,3.8142419104758576e-05,3.599503310223184e-05,3.131827730413761e-05,0.0005761597860242773,4.320529980006427e-06,0.0001277873064537971,5.536686849195785e-05,7.530647789306184e-06,8.31389403574967e-05,3.7490076102209e-05,3.808618765344107e-05,8.493806953614088e-05,1.81808434016754e-05,8.1655308633799e-05,5.453923099215293e-05,9.702605234451767e-05,6.0390065438501295e-06,0.000712156139617345,3.287477049086972e-05,1.5451268487660335e-05,2.6711337778369154e-05,1.2656293368816197e-05,1.2219501334479552e-05,9.473557344545743e-05,5.0889999060315786e-05,3.76797190907697e-05,3.6116261115309426e-05,1.9293225891422375e-05,9.57733990721484e-06,1.6762109890322563e-05
Layer_7,3.9683342635187014e-05,3.8354818436151356e-05,0.000244877602942339,6.322982047252027e-05,0.0001072096754742177,0.0002374566989092683,7.870586410700466e-05,0.0001289289277113081,0.00013274007976160884,8.127376337685455e-05,0.0011205308884106005,0.0001236509781803644,4.932870521667415e-05,0.00010550814092908255,0.0002501098649219842,0.00015578015965180466,0.00039982503864712085,7.502423256652887e-05,0.00016258299613963208,6.171608215585202e-05,0.00012198958478765125,0.00010953843351590778,7.561073410849324e-05,0.0001914648479306395,6.36065584343847e-05,0.00853297402962128,0.0001496278573121875,7.570138536763047e-05,3.6171653877523744e-05,0.00022740479909586498,0.0003064071061404304,8.784488725705653e-05,6.449475396731033e-05,6.322098806303227e-05,7.316276381930109e-05,0.00022888040872320263,3.376251027170775e-05,0.0002940321848762741,0.00016867427312099395,0.00023263194889722172,6.785823618216114e-05,4.783287085839943e-05,0.00022346008110994906,2.635064066979746e-05,0.00012710267010195798,0.0003110801674406854,0.0011977432068948012,0.0002308773281023413,0.00012780269151270137,0.00025617762714370156,0.002501882151706479,1.9444627968728275e-05,4.5044456264275233e-05,4.989845387472412e-05,1.668029768421884e-05,1.3960900820765031e-05,0.00012398180653423635,3.879547457849788e-05,2.5895028758569082e-05,6.360497405684858e-05,6.45638360629658e-05,8.397479925740778e-05,7.439460484513141e-05,3.392941528090887e-05,0.00010918953715523891,0.00011972193512251165,3.081279373873258e-05,0.0001223868017687318,0.00033690393216157975,9.42268972750071e-05,3.847635617475476e-05,3.826040001659869e-05,4.0598345123044055e-05,0.0015884577817235623,7.72127761514696e-06,0.00015042140326290552,0.00015476277523901753,8.222822701655888e-06,0.00012804468544480585,4.12870797497078e-05,0.002184336041333168,9.855509151748265e-05,1.8073762085653773e-05,0.0005313074450536229,0.0003608542660207566,0.00010076125828201536,2.276750162114435e-05,0.000889161174149373,3.8049084569787995e-05,1.674557319932189e-05,5.0365935801612344e-05,4.0729353995717385e-05,1.6087867082275738e-05,0.00012607318766118153,5.8366385124267814e-05,5.1682593447566205e-05,7.420428412475443e-05,1.0886803395876017e-05,1.1776150792286444e-05,4.029808951599989e-05
Layer_8,6.56070604685167e-05,4.799678627799198e-05,0.0004131458388248729,7.461573170785758e-05,0.0001334239756064984,0.0003562080213899306,6.576829155821874e-05,0.00013827939837398055,0.0001281972068057345,0.00013485902575322006,0.0006801308276449148,0.00020478009747505773,5.333757765594037e-05,0.0002585289439378409,0.00018860894926188884,0.00027372500602705543,0.00043040604777447257,6.278677832536617e-05,0.00034801125636747316,0.00010297309895866931,0.0002208975379266526,5.392004314524198e-05,6.948784267147223e-05,8.524458852361984e-05,7.429749709476331e-05,0.01005567487509308,0.0001520285671647533,0.00010075470705535118,0.00025720024562645897,0.00024939160114752684,0.0006389064399324898,0.0001822892476416211,9.414579492832737e-05,4.830431768946634e-05,0.0002058030642429672,0.00032767317804377347,5.6618286563529334e-05,0.00041531514147589955,0.00020185764406626064,0.00011635232902070432,5.2174474062738343e-05,8.313253519896208e-05,0.0002524958767611975,6.298847922405877e-05,0.00023733386122928182,0.00021405762902778255,0.0008909903237662147,5.501165777177519e-05,0.00011780880294787905,0.0003245311842669429,0.001761650608684814,0.00014472624896246002,4.452035291927618e-05,4.871085304257251e-05,3.537191661324029e-05,3.2461868239754316e-05,0.00019411407526512484,3.394545684105747e-05,6.260714761083364e-05,8.533177900697335e-05,5.888293528499844e-05,0.00014416040923616373,6.14020820699905e-05,3.5740009039709655e-05,0.00018993573406527793,0.00016299002702040028,2.4977685990150306e-05,4.8792043389831655e-05,0.0002892163651505474,0.00011712316969113668,3.460933252767973e-05,3.744843684625465e-05,0.00010491110882071553,0.0029230065548521366,2.042696715705006e-05,0.0001417631423588785,0.00014162788265275296,1.887694209538419e-05,9.568541916671336e-05,6.485462608551984e-05,0.0009935482872514,7.310976987658553e-05,3.2190442971113954e-05,0.0008707170093809206,0.0029682800334503174,0.0014860045551273516,2.2772263904918028e-05,0.001254776962065916,7.866832506968941e-05,2.0726549637726877e-05,2.7012340651183946e-05,6.647555828137159e-05,2.2166581481122612e-05,0.00013135240960501996,0.00014772492963070012,1.4978670391813535e-05,6.481630815904701e-05,2.8982367019545145e-05,1.7047033288974944e-05,0.0001349741060323595
Layer_9,2.713228495948314e-05,3.797261767822925e-05,0.0003591385560685333,9.737945484524609e-05,0.00016551787569203736,0.00011449173460808119,9.213970436440283e-05,0.00017083210933471467,0.00018999521180442351,0.00018445556876717228,0.00030308041027198094,0.00032072885472676023,8.467957224660963e-05,0.00016023459479251582,0.0003764544941975423,0.00016018929351221587,0.0002750942385506872,8.520939931496991e-05,0.00012087038016792275,0.00013065321079087683,0.00020179042735169736,8.94437924530013e-05,0.00017432524486353867,9.160622495213562e-05,7.836795676240973e-05,0.005792394202318617,0.00020749836179087804,0.0001163099564949603,7.505030773321171e-05,0.0005105674803902005,0.0002881385145974136,0.00015625894603032357,7.661991940886876e-05,9.93163122551266e-05,0.00025278161415679773,0.0005990442479897082,0.00015776436678467893,0.0002982206712416232,0.00016787962239726937,0.00012613959545385947,4.9811346096362284e-05,0.00010634481432630193,0.00019425613152179722,5.8519939791872544e-05,0.00016567674606449145,0.00026965290709155297,0.000847671551709213,4.268203785384728e-05,6.538667837540126e-05,0.00042501222415489056,0.0007610226759870711,3.851850224310188e-05,3.693701568681325e-05,7.813869464712297e-05,5.137010995562937e-05,9.429936495090138e-05,0.0003597208934488313,6.758149231768693e-05,0.00018484764356657023,0.00012710129910450027,0.00012566247064519896,0.00024305785392619367,8.622907606824593e-05,0.00018391654540262823,0.00034750178395819893,0.00026546199126962415,4.741090104041425e-05,0.00012955179763904115,0.00016103647353237318,4.5884124261874604e-05,3.187119183678533e-05,7.36574970275683e-05,0.00012784400408634157,0.004578275063966686,2.3641212271741098e-05,0.0002642920855629128,0.00015728666927005084,1.830233730023186e-05,0.00020787993924731296,3.344477166500326e-05,0.0003792286189714389,8.060825982738606e-05,2.4438648347313573e-05,0.00015850205551638888,0.0033273613820654193,0.0008225906628477257,8.977523149614594e-05,0.0016339483864271642,6.776651214173463e-05,3.5098272397655296e-05,5.209093439344333e-05,8.543678382011421e-05,9.851389840885252e-05,7.195530401724263e-05,0.00010471115916306399,1.1519480477335701e-05,0.00010104459452647391,2.2060338359061952e-05,2.3122315141677063e-05,6.110241344477647e-05
Layer_10,9.73661796788975e-06,3.513224305900095e-05,0.00019982117373460015,0.00012452133177399887,0.00012031954646380991,0.00016871531124167572,8.636713221595556e-05,0.00016389945380109564,0.00014736666045878937,0.00015443222601713158,0.0002587757733899644,0.0003320205054046444,8.757275549423741e-05,7.015782542341769e-05,0.00023372085832248,0.00020890955878048324,0.00014755410433968377,7.145714034845449e-05,0.00018345840931319817,0.00011375025187131749,0.00015385968485473803,7.144039723163774e-05,0.00016368350378039584,0.00015469632252832256,6.988789045332779e-05,0.003603481228940633,0.0002710872486326821,7.95493762659951e-05,7.339410291973446e-05,0.000648426222614044,0.00014948051818462562,0.00012969059880110504,7.79245859301538e-05,9.281841965543454e-05,9.814735030181747e-05,0.00041951380761244333,0.00028886037602231024,0.0005189967101161032,9.569418940111253e-05,0.00014815816892418558,4.14987386818666e-05,0.0001328453556434047,8.713857268703937e-05,6.431714144234117e-05,0.00013157400739387598,0.00021716805110116866,0.0003840023844714558,3.869228970954097e-05,9.09828258468884e-05,0.0001682910964309632,0.0004063423136927675,3.1533346376847714e-05,6.908893010208415e-05,0.00014769996336383429,5.0116629887716394e-05,4.9098820711562367e-05,0.00032950301780013764,5.409898752781408e-05,0.0001055967541242353,4.9440120742853345e-05,0.00015817973527493015,0.00016254843508843055,5.34450260435516e-05,3.443279256032383e-05,0.00047712390327735545,0.00020249921838264774,5.1346156602314544e-05,4.6577960574722965e-05,0.0002783520655847062,7.01117372417767e-05,5.0841274548929506e-05,3.843382989714428e-05,7.709948476986028e-05,0.00978595774984683,3.15044496204564e-05,0.000424593641732348,9.434952099839297e-05,2.3333591646708857e-05,0.0002735085939908899,5.1135186685868916e-05,0.00024565572189061413,7.99164127632442e-05,3.733332443971449e-05,0.00018783855150559248,0.00028663875185278205,0.0030350524361305513,7.137947963542501e-05,0.0006860803814561223,9.541917482839121e-05,2.7585563352821347e-05,2.0755199045652262e-05,6.936436888447763e-05,0.0002174245000000715,0.0001021325871787527,0.0001830651059260792,7.399354501558264e-06,0.00023171768509655521,2.71143800012816e-05,3.3949366927762035e-05,5.403906505740963e-05
Layer_11,5.350051787293005e-06,3.3498592136937075e-05,0.0008239897123721607,0.00012272993589828115,0.00024821468536779124,0.00041512849716618313,0.00013763143411228798,0.00019958251087186083,0.0001770989516085835,0.0004319882396739694,0.0006719086933376868,0.0005836298520817417,9.952632029894749e-05,0.0001877866787524686,0.0002462989081023492,0.0005387979974636827,0.00041033996921555624,4.9694283758665804e-05,0.0006640816373211162,0.00019123925809118458,0.00012790008729965982,0.00012335371283876863,0.0003249081814519766,0.00016228671789701688,5.692271637488072e-05,0.009079558436631793,0.00021871736186758047,0.0001644805785853771,0.00010457850793800714,0.0007375691704833542,0.0001240958123003923,0.0003118622073342423,0.00013192201487618844,0.00010369161910676421,0.0002932211761373556,0.0006216124933705676,0.00010106907902683007,0.00023560716418723302,0.0003824242993545774,0.00013847448697069083,5.3504455644315384e-05,0.00011643310484452321,0.00023756868381123072,7.52144490532876e-05,0.00019004434679843413,0.00016347470237852867,0.0007165306844091839,4.930342995246306e-05,0.00017847528338719594,0.0005435644264999214,0.0016427296418148598,3.503943905101433e-05,0.00022291899431424694,0.00018385617991205954,4.17617551136118e-05,3.91482965008768e-05,0.0002722852001030199,5.345091497588328e-05,0.00021618623989041907,0.00014670273142769474,0.000260017418833182,0.00022805391446304978,5.2432188431468646e-05,5.454878975541533e-05,0.0008387466475725928,0.0005627053580652005,2.7909524639178265e-05,5.054106636428266e-05,0.0006432092235839223,0.00019048644821850758,6.871572614386423e-05,0.00016793807935755467,5.62969502652777e-05,0.003673942039306155,1.8048851751473193e-05,0.0001652802599389696,0.00012418271065945717,1.4504153488322421e-05,0.0004671618936660238,4.721062981616342e-05,0.0008384114451676083,9.239731177027959e-05,3.608054748080273e-05,0.00015501185882840218,0.0003406406021061533,0.0131855569916425,9.957937834721114e-05,0.0016641701502635442,0.00012770593891226717,3.81434902822418e-05,5.67277530282039e-05,0.00010804870470775104,0.001306309332239135,7.344454691513228e-05,9.720986820674135e-05,1.0526056441379365e-05,0.0004018389989714531,4.267009217948306e-05,4.7816271659210465e-05,8.13670656031699e-05
Layer_12,8.856207253182779e-06,4.694310758447766e-05,0.0009470762830309058,0.00012345562261313872,0.00022120820129579397,0.0004821010356211358,0.00013591277476562817,0.000177033186883776,0.0002015003504589099,0.00041211607510627246,0.0006402451887218041,0.0007593035479355173,0.00038485095155042066,0.00013523340586631252,0.000619259360948791,0.0008703289909528139,0.00016553778622127789,5.39523826571761e-05,0.0025847003967973178,0.00018434947554673162,0.0001288714358942068,8.151585044538254e-05,0.00029684287188732407,0.0006646154539057904,8.055720919287177e-05,0.008897690785235864,0.00031359386285477816,0.00010835505859825021,0.000265406930128259,0.0006319733619524352,0.00018059578906840353,0.00019178655932008487,0.00010065692197621135,9.400690414818058e-05,0.00043427831096890895,0.0006638293301616866,0.00010243797622769712,0.00035541239977252974,0.00027328101284810106,0.00021499612837958115,6.900425072799976e-05,0.00029469993985195775,0.0004964187030614204,0.0005498258399212007,0.0001930418649161661,0.0003949692168340056,0.0002657557322776532,6.637806646470068e-05,0.00029794408620791875,0.0011204695635699078,0.004994611647741602,5.554746414854743e-05,8.392584120213478e-05,0.00022123102935519716,7.730949350012942e-05,4.236455236066989e-05,0.00011936874712681345,5.5456386995991546e-05,0.0002452265079602967,0.0002764953109135604,0.0005074164302706787,0.00022376889449273932,0.00011121270089440507,8.571120293502074e-05,0.0018890871620336404,0.0014953078259235429,5.35735535746343e-05,3.6579897327597294e-05,0.0011638362611305101,0.00011119119720733165,8.845686328129432e-05,0.00042796360796444334,0.00011056042151267321,0.006202633253150225,2.65482437640685e-05,8.010972970701484e-05,0.0001815568611355526,2.5417658093829232e-05,0.0004140703776212007,8.441967329630984e-05,0.003210531658540461,0.0001744380860562463,3.503449191839536e-05,9.579116834477949e-05,0.0005115780945440444,0.005834746969353924,6.287026782152745e-05,0.0007756953219606137,9.01068496058802e-05,8.491730009804346e-05,9.454263287212738e-05,8.289775216606079e-05,0.0008386229500274567,7.516016619473039e-05,0.00011300723099776196,8.142476752062486e-06,0.002006186293337683,3.629787370475522e-05,9.665094105907694e-05,7.410165770475412e-05
Layer_13,9.416715206574013e-06,8.916862591663612e-05,0.0007462193570740248,0.00021866107843666714,0.00031539615325738087,0.00028352338040658014,0.00019544061258122152,0.00022699317496959677,0.00040165161841395226,0.0005828534109570682,0.0005380081632146982,0.0015486494653545661,0.00046034484034412714,0.00017241691110740076,0.001292951573383198,0.0007542178761661385,0.00026536498263961646,6.989192837301762e-05,0.00034017061190420996,0.00037412504289517694,0.00028518114756878886,0.00011092379501398079,0.0004993926741754641,0.0006402186527543828,0.00010513916621642616,0.004640996714437291,0.000709753138470622,0.00011157452575016543,0.00021098276430368712,0.000925489819135213,0.00018068958612588965,0.00020299156360557768,0.0002756430801829125,9.047988379980627e-05,0.0021930851690008524,0.0010838002140954157,0.0001571724496430862,0.00032195340885357647,0.00023011694734678226,0.00032327268832552764,0.0001426620074191476,0.0001883913333988228,0.0013948803876412572,0.0017413507860863462,0.00040961098746997686,0.0005443115055941109,0.00046458210093278194,0.00013180945806823274,0.0009445875344432176,0.0023284731679165905,0.004013371120876282,6.187739038871828e-05,0.0011523393542808176,0.0003244368321162483,0.00011278675059145371,6.39432260341594e-05,0.00015806097945869624,0.0001478576927393778,0.00020029258518036385,0.00043299245383110474,0.0007382114676244471,0.00018824457432579632,0.00013675288431807593,0.000153006139647325,0.002197162027338157,0.0016300489184818514,0.00013054790350446927,5.2639555291152234e-05,0.0005372203639556584,0.00011156702786055658,0.00014485127400902796,0.0006502268140557987,0.00016602918421995127,0.00454365901035203,3.28245494984003e-05,0.00017730132505053726,0.00011402436487179856,3.821843566321882e-05,0.0006363787050354119,5.7455502691539095e-05,0.0048268194435365785,6.689973708944308e-05,5.124941259092945e-05,0.00019305033706586982,0.0016398729264437862,0.0010616022234368452,6.69498299105596e-05,0.004017339816422398,7.798070514906743e-05,0.00024699583031763595,9.352207581951706e-05,0.0001246789671890488,0.00021642291874111554,0.00010129639243945558,6.879626006104026e-05,9.590307756140577e-06,0.0034250129756445017,7.083746435490376e-05,0.0001780288380643924,0.00013523268307835679
Layer_14,6.237239751336183e-06,0.0003406737866784159,0.0021668252041717024,0.0007022584507013395,0.001000621286853655,0.0006133450355212805,0.0006046050508328746,0.00043682237899095685,0.0005881744298723263,0.0014147277795190372,0.0010850505746551296,0.001703273093293553,0.000580391484924924,0.000680330169908575,0.004122987994263398,0.0008022741689199384,0.00121532229458121,0.00015909143634823943,0.0004147685588120548,0.0013724110792681483,0.0002856553469906158,0.00018147486951539747,0.0004668131531879361,0.0007536073181564609,0.00021365786642179056,0.009915721561202483,0.0009309400785798516,0.00024016471832163344,0.00039306631116198606,0.002626679855822071,0.0001863043922613526,0.0003980400640694237,0.0004512217808003614,9.480462219768615e-05,0.001707055188588787,0.0014852909633494467,0.0003926822015172446,0.0005702141465861338,0.00031521531861847317,0.0005518895693272373,0.00016555975974554826,0.0005168314348443695,0.0022208956879006493,0.0036891685922246084,0.0009305041320484744,0.000757450887977345,0.0005249694239594329,0.0002969862077346619,0.0006471700565283857,0.0036092448542246395,0.006781222012903292,0.0001547734925258092,0.007021001394307326,0.0004966197803111884,0.0002743302086597711,0.00032863829261432244,0.00032752733874675556,0.00018356457492420584,0.00027808904459561743,0.01086632023955758,0.0001732490764341136,0.00019728596962325,0.0002752751473839122,0.000764677589222112,0.0017825118025443358,0.0015085069263420792,0.0002705284495683393,0.00010561522223766092,0.0007045211371648334,5.586885283099202e-05,0.0003147487759839862,0.00047717832887954613,0.0009039741501737808,0.003435970019177148,5.585492817203885e-05,0.0002579879395087023,0.000362348089526533,9.329307547368949e-05,0.0007728438981686736,8.670688769996104e-05,0.01360525698752113,9.464705774462346e-05,8.649075324456135e-05,0.00020189142295142423,0.00891483123624918,0.0076423313174548944,0.00013380983617139464,0.0012251683552538647,0.00013258402400546338,0.0005788193782499158,0.00014618436782361992,0.0004111991092241414,0.00047981075562557427,0.0007716701277615812,0.0003844828143717048,2.0667167197311406e-05,0.0025131450285366206,6.140459932934251e-05,0.0002215252049708738,0.00026399196649625384
Layer_15,1.0393041266407226e-05,0.0022787419289842987,0.0018984653605277652,0.001556172462953681,0.0013512057509494772,0.0033820637378373514,0.0012527231170970314,0.0013063287845839185,0.0020444790983376038,0.002491420754480486,0.001111005520965952,0.00711287071110766,0.001648148850247647,0.0028844199606734805,0.00419968828826441,0.003046042930097101,0.005977567232474437,0.00041323205060260113,0.0014692462445826814,0.0061095143405108686,0.0004850005123374873,0.0008396643617732946,0.0007863724438662872,0.0034107588235955054,0.0003084007319647138,0.011994908371163555,0.0062007381129755386,0.00032492915140294645,0.0005559973539424127,0.0034183579766820554,0.00026215081782510197,0.0004989192120468866,0.0022532077191078884,0.00011579605319974225,0.0034199913883015873,0.001501163131719194,0.0010312854629533931,0.002687748466972914,0.0004153212954726536,0.0005890528764157786,0.0004991257408839544,0.0007821266373971761,0.0010987985435534891,0.00445788775738265,0.0017762831889786572,0.0009094191974333575,0.0028659206555258524,0.0002847389462008465,0.002483097611418323,0.004698031693826286,0.007901843183067431,0.00024741490558298094,0.009614772130516196,0.0007361749716981844,0.00033486558792306966,0.005510280429038954,0.0008150715991381328,0.0002646197506106336,0.00014904337510643017,0.00221925243333132,0.0005918879045783915,0.00020744774854333429,0.00025495673262619016,0.0009238413234956253,0.0014460303397072494,0.002772207245888064,0.0008891615203539386,0.00027557314833550413,0.0011047272170175274,0.00019564432535513663,0.0003815945003680099,0.0008499381722231192,0.002997432877361916,0.004732259808110939,0.00010761097648241958,0.00034899137999314247,0.0013951671024092082,9.333705810061272e-05,0.002412842289281514,0.00022785588212315133,0.01593922039421236,0.0002141673964236664,0.00023226510557302997,0.0005583433354028482,0.005260976756774957,0.00995848305430324,0.00018447982890685516,0.00128104388476556,0.0005667579854632875,0.0023139175837099757,0.0004235027439213249,0.005527273047614647,0.00015097433756986552,0.00034578504879006615,0.0006522538399998176,3.194001063250723e-05,0.0010447166936711045,9.79500126469737e-05,0.0008746083275639194,0.00021154986851949312
Layer_16,1.903829603940965e-05,0.009728950850725442,0.006055027025903303,0.0034753182855901316,0.009705009602907287,0.006985938623276888,0.010728355982189451,0.004611806124919384,0.008549452372833905,0.006718844914480382,0.006364324648107833,0.01248031782506771,0.007267896290210078,0.007448643829015612,0.00672705928407195,0.010939967538602817,0.007833308756462815,0.0013825175358395886,0.003668711564241419,0.009162939333659269,0.0018014797864544078,0.0029415074781342534,0.0022079101871199684,0.010028297506735178,0.008516101925947374,0.014818199369052359,0.027383778807259774,0.0018448251409745008,0.01014916654281029,0.015508644232424255,0.0008850930529743348,0.006680740074381541,0.010792471316488236,0.0018587549216585824,0.0038927930272164937,0.006547573940008533,0.029284727390169487,0.003348486279106129,0.0010714187003962484,0.004522306466807687,0.001538398127931373,0.0051271851247269625,0.003651478305941007,0.027741178728804602,0.011403186568569451,0.015435140557447843,0.0060872240617076195,0.0016953797002692284,0.009999827024979558,0.024086302285273895,0.022680663597824488,0.0014128610358720688,0.022493345168380405,0.0036896155491734006,0.0023732108514790385,0.007483733174141732,0.0027321873568203394,0.0013101003366693055,0.0016536959763061533,0.010639862137575543,0.004866678634362356,0.0006623795210613105,0.0008007734128444678,0.008521105763742815,0.004053538581005837,0.020132253032140956,0.018467423942716076,0.0023905355515384226,0.002595306369481808,0.0004170731090353415,0.0027135422254801257,0.0028053978987770734,0.011795823093825675,0.026868921438165216,0.0006117440327273016,0.002189589175818702,0.006036887323321743,0.0004755508891523479,0.007100650225687843,0.0014419463823287515,0.03028450987532949,0.0006739549375652132,0.0015478755207671687,0.0018906309405792854,0.026198179167416433,0.055766077563275,0.0015597402212392808,0.01047154599358789,0.005158437524138597,0.05596964026297461,0.001701281406649986,0.0015420295440855204,0.0010435928378980791,0.0030887301897669552,0.07370330814365808,0.00014193544069922398,0.004861181140138517,0.0006803948696100493,0.0037037256613245972,0.00046600743738167694
Layer_17,0.00012164906711433343,0.024420950701567568,0.018124871396855067,0.01772559008180227,0.021653454413219617,0.01971871618732133,0.022363286069088373,0.015473324004085626,0.026690773778376267,0.016273750072880677,0.018662957109317937,0.021085132436044228,0.017697675703429037,0.018354889298834578,0.021057239461494365,0.029184155557074393,0.01717142891745827,0.007896816114217008,0.0118594851017367,0.028406306550928954,0.018690375344344427,0.01565892747090055,0.021309495848995014,0.024798223601299754,0.017369188164869202,0.03739015385576881,0.04686302280258152,0.015734697249304947,0.041569157041073654,0.035174082841412734,0.011954111825925142,0.013416264892972528,0.027401799344071564,0.01939688809789904,0.016196534576278527,0.029938168233330644,0.03273952743711814,0.02441489418116933,0.005156028185583758,0.019899297797063502,0.005420709556253201,0.026488989421662924,0.004324118756525614,0.03496345979528757,0.03939220362711215,0.032069288534621085,0.021232353378026703,0.012217742648211072,0.0394306896825671,0.05674870518488763,0.08127339346188936,0.009893123055081237,0.02421367452453991,0.01777256951172035,0.013026202078431371,0.016674622836350093,0.008316750971455523,0.004816006996087743,0.014259415499690604,0.013994520166448865,0.010252067598350989,0.002003664027824925,0.016478888081657962,0.015970908527107627,0.01033821431720257,0.03435828990572273,0.046291463011481356,0.021901831124626948,0.006586068188475089,0.0036497487207353433,0.01620559669587749,0.00610809761803921,0.03271430873594454,0.05688589533401682,0.0011092479636261032,0.015260486308767739,0.023456638013206094,0.0028644709587095146,0.01545112240950175,0.03631936037072592,0.05631063256628721,0.0018960054256240255,0.004003847884026375,0.009526650927000446,0.04781706285812106,0.06976185335868952,0.005233720058315937,0.020936161328125178,0.01459147874262661,0.06846891850526456,0.017090661865950096,0.0034919847967802733,0.0026544387998840716,0.004056195234104857,0.06731049911595968,0.0009921081213301126,0.037206968495901,0.0018261879801264934,0.025132072608821925,0.0010265750976922543
Layer_18,0.0005312460929211029,0.03909460540500158,0.047566004522949984,0.031232354402069548,0.046677125083786915,0.04469973173894231,0.0411803060742016,0.04818602064864051,0.06925847873546005,0.04087394250747445,0.05361490588987543,0.05685576977467741,0.04487745707120159,0.046418089708478265,0.04012352177423928,0.05711060005422276,0.030145000491198323,0.03368209715783642,0.041085091602315826,0.04026582965065605,0.029547065501439918,0.035524920748478274,0.046087228414936614,0.042840078876269595,0.025362078876566812,0.05716412219229104,0.07894971709919095,0.03841899628655414,0.05774541129533047,0.051221721811632884,0.02990161660553627,0.03453931895692565,0.03307393103388888,0.0282006095364018,0.04438074994362277,0.056367768745106635,0.04466220928705853,0.03438565171321115,0.012858895949674725,0.04253434930628094,0.031866516895597385,0.041356124004836695,0.017098993104205443,0.06971406385121937,0.07265533573720588,0.04890927090867257,0.0405734809283634,0.025916885809110113,0.07318882444259646,0.10794276712987348,0.09503448348024332,0.020119356706769145,0.054087994873118474,0.056648430775307394,0.03456511392256582,0.0036641533333443897,0.036637694239411406,0.009184501838717551,0.01551392752185194,0.02405917834793551,0.031171032185531654,0.007627995024336705,0.050853228505812614,0.008791673030559237,0.024475549737065772,0.04392915061231923,0.06276592880211948,0.02500815063984357,0.013453265133979254,0.007071952903577932,0.018774833765382935,0.03628520048616792,0.06868053066832544,0.08703836244799276,0.007145062279823833,0.020799443455799566,0.047264153215612746,0.011861398208168339,0.030184496766764823,0.056667157886167274,0.06979560331774337,0.0028072261468423676,0.019241626829868134,0.009565912141867253,0.05174540593046307,0.06977666167225796,0.07500162229499503,0.05153191629040066,0.02231102164929715,0.09000870693180982,0.028793871108483964,0.009485962526241565,0.01812901390691807,0.0073460558262380665,0.041710489604121485,0.003727753183424144,0.02716924106677582,0.0035904659633580684,0.07597555810267902,0.0032178464943039367
Layer_19,0.001060995395446812,0.08784893391467026,0.06685798621382473,0.05810893519663643,0.06788676439160506,0.07543888174063541,0.06854131949050327,0.07405392248605729,0.10588432003824955,0.06935789251562191,0.06900314455598248,0.06353892356506138,0.06767171209918535,0.061505122423547186,0.06059000046588594,0.06772401053997382,0.045028414869910105,0.04246154440571804,0.05576474001118166,0.07845856665157522,0.029833912902288456,0.04400133320363195,0.06425023854161309,0.07447855965503403,0.035704627690178056,0.0843063402181775,0.11410206824398055,0.06308487071411567,0.07960454466352929,0.07098361423522774,0.056305640447577944,0.042376896797174234,0.060766813854416214,0.06963918281273784,0.09521834211148435,0.09848432760080263,0.06224917122665122,0.050930640953638855,0.029501438641352972,0.0685148069328791,0.03777046074643806,0.06554875482247925,0.051337458118448344,0.08946834664512655,0.10948023639176623,0.10740064957491945,0.09149525992618444,0.05321540012957371,0.06921385533773387,0.12510462524653942,0.16524460057415477,0.06519708567287624,0.11507412381360711,0.07991342491131295,0.03787733605819837,0.023466689977864847,0.05616065607122996,0.04844686752075562,0.028564009854119377,0.058146849633923615,0.06493161271450339,0.04836458012512856,0.09318857329620558,0.028716443828355667,0.04677559607796411,0.10427754244429624,0.09017439968936908,0.07164247006484072,0.06963031675609893,0.021714065615531745,0.04824504377702397,0.08083592150266554,0.1314037841058962,0.12584537481289432,0.024519167334807433,0.09913470450108339,0.08023010661059073,0.022304234858009094,0.10294464192384112,0.07191994235958532,0.09843277447816945,0.007503493693047858,0.04947540827067011,0.027728148405852457,0.07476445489180605,0.1125974094571158,0.10114589384294602,0.08110961456174794,0.129022339942188,0.11953705022844067,0.08521740948456752,0.00939997426289315,0.07944618112637378,0.10543456948628843,0.07387633867445122,0.031438717124029396,0.03509576410425115,0.011571814791190823,0.16598289768368582,0.004514863264014697
Layer_20,0.0037400415081228454,0.12639590599326575,0.13807825295612738,0.11514725097308116,0.13132138275730887,0.14065792860051643,0.13937015348405754,0.13888354968517633,0.1578752305917601,0.125470796276693,0.12590019463133065,0.1201118055915265,0.10897285663439578,0.09214447428470068,0.10380090940605496,0.11040991893073887,0.08911270794125924,0.09465310970255532,0.06778253331457779,0.1131371428967704,0.06252036040215843,0.06891916329804199,0.10899287285195658,0.1408600509085452,0.05962346975938143,0.11749285100295986,0.1723655303731956,0.13895451959245717,0.07811917038223398,0.10403594669594061,0.08761739686966459,0.13870398195419667,0.10251623769271859,0.1599799440978984,0.15050455699762702,0.15990462885891552,0.06756491097136556,0.07716187303759625,0.06463541954044136,0.10566532687134662,0.058013249250780066,0.09337515428443528,0.12233194870002774,0.13361210849784824,0.15130689930207597,0.14753298689749134,0.16283983799935828,0.07084999397132208,0.14811748597685437,0.1764667327738057,0.2452096135007636,0.14434769210107157,0.11841165737159004,0.09485158645618899,0.10092804154963303,0.05886087755883496,0.10341680004181888,0.12196407060311615,0.04500120936563462,0.09480815083668404,0.1317714979903317,0.08532190540414257,0.11551697939417367,0.061647476662818175,0.08108242812923808,0.1722317236682846,0.171356292456618,0.10689516666663869,0.09790270332127772,0.0433421857713008,0.1464926171134266,0.18967532093752199,0.12661421981142668,0.20400653227575277,0.08613569885274046,0.20669271307159712,0.10063710836018465,0.01744591384591053,0.17748078675185752,0.11592599462157693,0.12730084091526805,0.03203370176882648,0.05834919282378905,0.022898541883235642,0.13990212354722947,0.13355195414984944,0.1716477743378384,0.13275952449644787,0.15554271868204847,0.1883736421008442,0.11099089662177274,0.05130667475469426,0.09942664838800178,0.17437302125885112,0.18834538727542866,0.05030940519035399,0.09353655654670617,0.03424309953697957,0.20791836870807856,0.016968210731095335
Layer_21,0.010673823762305284,0.19828495892699774,0.19586351382203315,0.17293805950129315,0.20424937317218875,0.22603133282776433,0.22549724626322581,0.215950186648935,0.21411055450367597,0.1942075277841119,0.18780907914601183,0.1667056264321228,0.1494456799325882,0.15820275222980468,0.138792603252517,0.16003729240647438,0.14448527794014818,0.12584445856804402,0.10670011381886428,0.1526228853264514,0.0952133389026171,0.11249399120755121,0.1623065746929055,0.17884199227549263,0.07028502580104666,0.15097614163503004,0.1985923728874608,0.18383907606976485,0.11350379827539536,0.19474140401905798,0.10751241167672074,0.15677281343560368,0.13131701157114092,0.21496557866621893,0.16387334463044803,0.20365370156760038,0.09231767664553749,0.0923317287212256,0.10967201381459629,0.12202058275038041,0.09615565149471195,0.1734464950523981,0.1363336767765278,0.18520554543902348,0.16562288800266312,0.15433820713964982,0.19602640920368575,0.11342276972970211,0.19575446474918348,0.22328155912919284,0.29654229235827567,0.18262398430643742,0.16091328605512578,0.1643472737398091,0.1366868760843195,0.12264542362809677,0.1564690337212806,0.16273027808927928,0.0984048542526989,0.17968277845500324,0.13141454746355324,0.16574018369276375,0.1387783711099308,0.1155214411592996,0.13596975532581465,0.24222050331042572,0.2190069272793897,0.14265785687074517,0.20471303159243606,0.10277970547184107,0.14042610292781318,0.20957828702839834,0.2372249326838755,0.2513044575503045,0.15621154376167395,0.2334599775612045,0.17904960176127516,0.06645180920788915,0.2564260445569744,0.12805048878192338,0.2646886533502766,0.06667913457413306,0.15765241639649805,0.04475563992582465,0.2030379577655367,0.13510104856368343,0.27664878448589597,0.1822584568916292,0.17226968491299235,0.2609355450526323,0.21674996600128138,0.05581437502132758,0.1855739471306886,0.23628139740426726,0.3050903579611398,0.04665210490504006,0.07113195866329008,0.08312640691810184,0.21157839288419686,0.021685519769672368
Layer_22,0.013377510873010649,0.3072645839106385,0.2636228390604488,0.251882692956855,0.289925637325733,0.27838911524842197,0.3009949442868614,0.30548914760395113,0.27946768812154693,0.24442264981608597,0.22759917976923522,0.21070992000495797,0.1877329027565512,0.20064760024451508,0.20338568702831972,0.20561277890661667,0.18611965677907952,0.15389055098951762,0.1317659647188749,0.18955199030859868,0.1549197531065771,0.15724466606150725,0.19479747629757008,0.2309391277665145,0.12987231177484057,0.1873365277906199,0.23621126589439523,0.21838256218559376,0.14563734386252092,0.2915799509433095,0.16404684878412873,0.2505969754136218,0.233384702189259,0.2923453624184731,0.17932172282034742,0.24004365767663038,0.12232233610941042,0.15190551838448957,0.17711230557983848,0.1809139668571034,0.14350367359413668,0.19064724588868862,0.14401461369323734,0.19771161855505412,0.2078202111967732,0.23374420589613287,0.2417916749776244,0.12782412399133136,0.21932394429846946,0.2645935455355819,0.2900715165394778,0.25591850679312567,0.22532450859005207,0.21283935441308108,0.14211484815602332,0.1927802250834947,0.23966676015914765,0.23984102128652188,0.13426322349693237,0.217495775331912,0.17756348274999412,0.265018854324788,0.18195289479593735,0.13130621504750775,0.2161311382729888,0.27578425150187136,0.27106313022695033,0.266474059573139,0.2581596125972758,0.15974492558955883,0.24749017262765846,0.27622151942514395,0.3102259785682399,0.31867238215654936,0.21953814363850696,0.2634208357577384,0.22728192947794779,0.10579537765451935,0.36417022591049886,0.15375623985596576,0.3504168556721652,0.21859346429725215,0.19784992155667472,0.07506155976564817,0.2618228505751741,0.17346159263457442,0.3493259909091973,0.218489081581343,0.21866899012255608,0.3030061340600696,0.30652239256036967,0.17756944937623323,0.3011237655129767,0.25726163427209225,0.3050129503244534,0.11043372855091221,0.155142843111528,0.12891027020969675,0.3516023596143138,0.13269258301932574
Layer_23,0.014426225889694942,0.39335179879538823,0.35914507579697275,0.32337490132567864,0.3695648928435125,0.3738598746473596,0.37559405458012485,0.40514041874147205,0.3637845950851381,0.3214454793920094,0.27974793439088075,0.26075612272005577,0.2620589129645606,0.24902692624439557,0.2409075573963048,0.2515637733973129,0.25085984107503456,0.22701884235453423,0.1738103728647367,0.23405172777691713,0.22692534453864324,0.18325714666707962,0.246404429689493,0.29444918281544746,0.19458833628500338,0.2753988293592661,0.2624152533294144,0.2800313774852949,0.20095152137608702,0.3488311500792899,0.2304338957048466,0.3052508635365433,0.270926796923533,0.27582814565410746,0.22808599355781212,0.34336360664057997,0.18047279895399698,0.17616659837757875,0.23591466484732154,0.23375571529813788,0.22935258339786485,0.28140546630278646,0.22708911880797109,0.27353776591166606,0.23610659398425038,0.2922628626961878,0.2815670048767612,0.21923282387268728,0.29214672505716616,0.2617658553526487,0.3377196391527304,0.34299472855280094,0.28409713725963454,0.30582730261546737,0.21827064122416792,0.3079198657414963,0.2697548130525739,0.31845771529954336,0.2061997705315389,0.25124386187030723,0.19297404471085824,0.33092097729311953,0.3181527009436629,0.14498917342619677,0.22179569604412047,0.40938887897707504,0.32174542651718885,0.3341611534154419,0.291580047034131,0.22401658087523463,0.3195792064383568,0.33661097561180214,0.38846562735679413,0.36923392882390543,0.25222764680283943,0.323127457151833,0.4020561111396283,0.12489999261497865,0.409164561159713,0.25816396857109325,0.405935029804823,0.3183392635483566,0.3185865797994666,0.18568315672916166,0.38078714615885473,0.3029036954992989,0.40996377762048397,0.27245942630124126,0.2601327414367266,0.33774561108046847,0.3388517168708719,0.2429884147535382,0.28285132393512835,0.28394359918568696,0.3887854980419853,0.29331907173991567,0.15917647497429144,0.1831533523856286,0.3701384424260444,0.21165101346642246
Layer_24,0.022092880887132068,0.43267178946621476,0.4368084974825087,0.3920205939100731,0.4567916618759805,0.4255501325574279,0.4603494916091235,0.48163416849146384,0.43579169635686893,0.3609236651867809,0.3282712866813987,0.3138257574985532,0.31351954048000663,0.2862955000596521,0.2737290977575526,0.314674807287298,0.2905489553971752,0.2878311162909593,0.2409866983503407,0.2783164758029521,0.2965032971748852,0.22510015025629923,0.3135073416711313,0.3377791805903941,0.2451038556548967,0.31075994415077096,0.2749316956304362,0.30556993608136646,0.2816830721942227,0.37237650052312954,0.2900284013368101,0.3496805123338875,0.34597020250940086,0.33510133646503465,0.3196275850984307,0.37863934612706895,0.23738233471336168,0.2326966061823309,0.3176806218402592,0.3037950470464233,0.28143872889386723,0.37308662750535565,0.2633599759104096,0.3205450544877941,0.333873128402391,0.34914400879349866,0.3741092740378504,0.3075647750607686,0.3411505794118995,0.4255223166006955,0.3635092476084288,0.39611259958168843,0.31125435494994563,0.3338575165423521,0.3110004261412594,0.3989734845977007,0.36387922880021506,0.3702393290875753,0.2102710981484961,0.2883296737118144,0.3318205243433666,0.42464372800065536,0.39594724539476933,0.2847249749224416,0.358328511201762,0.4781479767691714,0.40539801370616924,0.37592839746379136,0.34355250799041476,0.26886819878088564,0.37985944483370987,0.35237817089691814,0.49133417909933996,0.4232475784115195,0.3088892141528049,0.41083235721125794,0.4238959822656685,0.24507955023525735,0.41266380916840717,0.34753987697550315,0.4592776928911917,0.3680214425607119,0.3545947063869486,0.2257199576299172,0.4555909359616635,0.377375147183678,0.5245577020747467,0.36389246603396586,0.33605855958356706,0.3516892545958399,0.4247720005671279,0.23901765706166492,0.38915340302931045,0.4599434849241544,0.42002255207892003,0.4403435627243128,0.31252289129875305,0.2709896867689587,0.4925246738680471,0.3161941594674384
Layer_25,0.02355361746137617,0.4733275130211048,0.538936411840214,0.4579969376529056,0.5265584682402006,0.489961778386912,0.5423347108852354,0.5274449858981468,0.5189484371199805,0.45293668470505777,0.3880963148966434,0.38255238357973165,0.35619758917810407,0.34202559115065,0.34437862304260375,0.38101514260697356,0.3492567747532038,0.3339455959252637,0.30931904587847353,0.33011944479935584,0.34892770449839877,0.28414141842235363,0.3921287989805533,0.41091505590316774,0.32290011769494903,0.3996474614937467,0.35438319757597736,0.35847814482093726,0.4028388347272712,0.4259854371247305,0.35498757258866526,0.38500975858020847,0.4097858355768561,0.4531928308386644,0.41354337788748313,0.4522301163624585,0.2851666309490813,0.2933306294822657,0.3875743539916309,0.38961096494530184,0.37603833080775073,0.45282279586312,0.3435065155507752,0.3768542227151939,0.4139022749319289,0.47755275262615116,0.42570191569961247,0.41448513285126865,0.4187018512894288,0.5015907950625161,0.5297604075555183,0.4188312591380406,0.4230697441029218,0.40995187838182445,0.3763814437752138,0.4972802065824978,0.48171376996190074,0.46472669030951974,0.2580577777725284,0.3987813515237046,0.4404286095539093,0.4973690976864379,0.4528839400435655,0.3301919104604332,0.47889584369642596,0.5794492593506054,0.48779733936498815,0.4357876514985202,0.38841724200396627,0.36252165687156696,0.376230313279666,0.44778207022609423,0.5890743554155051,0.4879840245252126,0.45266201189806454,0.4483731239834972,0.5387411549638369,0.33401901285186697,0.5303846351707762,0.3860963753602391,0.5438008104101755,0.474136433377862,0.3462250504749439,0.2979776172859905,0.5326557381991733,0.400728193569618,0.6139611978401912,0.36615657544055985,0.32944319061529576,0.38479969021864235,0.614067404387662,0.27620709228666296,0.3651811988641454,0.5429311083426,0.4664189928637195,0.5916060741491003,0.3585101761698472,0.33779149143195425,0.5167338423780166,0.2584716664914595
Layer_26,0.045002117014106044,0.5596870304400581,0.6404353774560392,0.5778128661188927,0.6433274436844292,0.6279538317692867,0.6513812468223131,0.6437345555165286,0.6187623458532607,0.5834367613160794,0.4893887572723665,0.48451819124128737,0.47411229053408244,0.4540054669257061,0.4632499528181455,0.48519904869792796,0.48634427402501884,0.4549662957277811,0.42689025581855655,0.461798480475691,0.47566625817164143,0.4396906795348937,0.5022916984268953,0.5300183425010272,0.41910336721128083,0.5481261940423863,0.48314989348726767,0.5106678775548327,0.5438867727964444,0.49852905206083353,0.5174970248537127,0.5184365114711119,0.49001769704834575,0.5241196174588367,0.5267058397851846,0.5261717067569811,0.46056595146914736,0.3966995980387532,0.49446332077956,0.5255200742435807,0.4995461475875345,0.5533339278651673,0.4019441136268525,0.5145727841443563,0.5526205263807709,0.6189381609114611,0.506486661769679,0.5491352383796766,0.49795547719751937,0.6058462935447272,0.5828344179445272,0.5324103044075591,0.4670543181999729,0.46350506896994503,0.5321890822809704,0.5653334997231678,0.6570646437780502,0.5662898446540706,0.37330591556928766,0.5426025026160914,0.4694854948155926,0.6646994878942876,0.6286029314307432,0.4197234460351121,0.6186233858964194,0.7157099511559036,0.5799641153478826,0.6037203029475429,0.4436060619985007,0.5763342390048571,0.4936141062527895,0.6168852120055817,0.6432847938325722,0.5545401480070723,0.6603061521425844,0.5508091329033241,0.6980351203207025,0.43153035720913774,0.6130961457311059,0.5205720186056624,0.602581201121211,0.6966433053215345,0.4026221265473093,0.54647587283204,0.7187075220048428,0.5022835142289599,0.7149484060438616,0.4817056571856873,0.4264340648327821,0.43827526542320683,0.6908652219348229,0.36512014983768143,0.42077714507468045,0.6388295279600873,0.5769148031369975,0.6847333337489265,0.5368908942327835,0.5013647475503743,0.701736607811957,0.403412622831335
Layer_27,0.1178290438580857,0.6622205929489052,0.7412472608983721,0.706851753427218,0.7693661153282441,0.7628120652757654,0.7605560565346002,0.7562424969488293,0.7420342498356615,0.722543617380552,0.6456094072187654,0.6775173091840688,0.6624734275844495,0.6237639927237919,0.6218414852023292,0.6213497610029568,0.6418330977866126,0.6314525360461222,0.6207991686571932,0.6271946124132008,0.6827367300211675,0.5926999412638384,0.6918970590406468,0.676940110034995,0.6125139872786283,0.7035744677198742,0.6472502401719491,0.6959663258678506,0.6570784584814285,0.6652341247080282,0.6440086868824437,0.7015859615694696,0.5624897812970686,0.6889667112385117,0.6862884221288065,0.645390366198909,0.5883509291698121,0.6149050063672908,0.6422411475308932,0.6327319767802865,0.6882991047983523,0.6526627509865182,0.5329249892751441,0.6359395644884851,0.6287137658612149,0.7885645513112346,0.6446662069735767,0.6687237254664069,0.5928350519388914,0.6568407759430909,0.6614754319720481,0.6937155221108227,0.660765511132295,0.6069606313082788,0.6621590386717938,0.6279838500413462,0.7200467219282962,0.6870299751082292,0.5547740914300084,0.5978023569914512,0.590525082272032,0.7630083743563812,0.7800674308303066,0.5159471623324365,0.6676977908196435,0.8028743582015688,0.7514140228000046,0.681562128900127,0.6185811691578816,0.6961872642859817,0.681769410520792,0.6735299849882722,0.8042600810527801,0.7400740362179932,0.815559696406126,0.6249532360387476,0.79167757335266,0.6067716593129767,0.7505753990262747,0.6116742696467554,0.5807592528872192,0.8704881757497788,0.6112908544639747,0.6782395044962565,0.846432630221049,0.6034849058836699,0.8015498356627566,0.6773462729262454,0.5616119414168809,0.6619671806360462,0.771702352230652,0.5370158921533192,0.6403930383519485,0.7878302725461813,0.6433078602332478,0.7585474107987605,0.6529822745002233,0.7044313260569022,0.8611744816104571,0.6506448434665799
Layer_28,0.3444133506636943,0.7193396109431642,0.8116185955479517,0.7857586537582721,0.8050073192402033,0.8118197278588684,0.7943433471520973,0.8016057102975989,0.7882710414448084,0.7826112491784443,0.7581201215082455,0.7566314952583589,0.7612249004310359,0.7373507943653672,0.7328455465094521,0.7313059245436748,0.7271744564235691,0.7166252555940393,0.7101926706447792,0.6843158077934841,0.764087097147027,0.6869572199521458,0.7813156293842629,0.7560692573897541,0.7265993396683437,0.723975582556291,0.7352625866762051,0.8072475955793352,0.7346859102780443,0.7827990537198881,0.76727364528259,0.7861007376363114,0.6560346603070443,0.7100339317306256,0.7446286152893057,0.702038471835355,0.6724999106178681,0.7154109677148246,0.7295916976493805,0.6867060151583116,0.7542618765146472,0.7469628903632745,0.7003184567683524,0.7235380647409904,0.6623585504051801,0.7970155560308032,0.7121175673197616,0.7497012063977309,0.720588908861241,0.6976890995978348,0.7125798456460959,0.7127747777699223,0.7225425680617577,0.7019720761704126,0.6698514045431063,0.6739518342253107,0.7000055049474423,0.7362983079555516,0.7117120963335037,0.6305604257892506,0.6647925234359243,0.8053673821825372,0.823985047977079,0.6252112540162422,0.6988180736291476,0.7859718977389011,0.769344122233716,0.7629026706245813,0.6897889206355269,0.7692101016132669,0.677344880066812,0.7600262241438032,0.7826548615470529,0.7868799407035112,0.8883728355169296,0.671491911144633,0.7637552051118722,0.704843368795183,0.8364949146634899,0.7786784544587135,0.6601944186259061,0.8820758779843648,0.7248038957516353,0.7554359356562297,0.8465344791611036,0.7171983902653059,0.8564936447489474,0.7682016342878342,0.7059728975540825,0.8346614709922245,0.747420470087001,0.6520593306766107,0.6787166395761932,0.8942050910913028,0.6468422058253334,0.8033935324503825,0.7149196103788339,0.8024328969992124,0.8264239107569059,0.8466929756104946
Layer_29,0.6972327859778154,0.8508336582354137,0.9014776814914621,0.9067608982013078,0.8963863273144613,0.9054094378965615,0.9077479567434361,0.8901749505360324,0.8962782955806674,0.8742941842647269,0.8741726696727767,0.8848498959722833,0.885726072408002,0.8493767478656321,0.8585951090790331,0.8799589715596569,0.8574777540660674,0.841729225779789,0.8494407523183092,0.8296825032809685,0.8834967632717061,0.8393356431238722,0.896302288377678,0.8486745603555856,0.8621929818537177,0.8791533433771753,0.8968958675861358,0.8669703185106769,0.8402316598665147,0.8743787944316864,0.887103867317949,0.8730111139000587,0.8735606944074437,0.8400862502555052,0.8741098710646232,0.7861705859502156,0.798353150818083,0.7973696118177369,0.8693879607111908,0.8348790889694577,0.849794952943921,0.890267075636448,0.8308527846085397,0.850307224612487,0.8282257358770113,0.905310771531529,0.8401044927763216,0.8256788933649659,0.819194124590966,0.8435881493553039,0.8858291083766568,0.8224844365350662,0.829644980615583,0.7865375684840339,0.7949797946673173,0.7816179068042681,0.7827724714118701,0.8037945192593795,0.7970969367027283,0.7258480042219162,0.7533043279595997,0.8754133128601572,0.9085182371464643,0.7895200638608499,0.8354530740867961,0.8195954276756807,0.8363702960989692,0.8730082024227489,0.8236244436014782,0.8686021092263135,0.8580474644899369,0.7953999653458595,0.8341395452618598,0.9133622780442238,0.889248612523079,0.7974787981886613,0.8258507047828875,0.830996111035347,0.9358072280883789,0.8440843317657709,0.7834332603961229,0.8429255882898966,0.8417213976383209,0.7994025190671284,0.9042349795500437,0.7930415511131287,0.8856453129223415,0.8045669474772045,0.8741919887917382,0.8977591288941247,0.8135397147673827,0.6873622238636017,0.746968822983595,0.936377227306366,0.8383785486221313,0.8844683972688822,0.8003664475220901,0.9117637735146743,0.9194901337226232,0.8291576604048411
